game_name,repack_size,magnet_link
99Vidas: The Definitive Edition – v2.0.0,0.15,magnet:?xt=urn:btih:DD55C6213CC54D277907D8851AA38519C39A1694&dn=99Vidas%3A+The+Definitive+Edition+%28v2.0.0%2C+x64%2Fx86%2C+ENG%2FBRA%29+%5BFitGirl+Repack%5D&tr=udp%3A%2F%2F46.148.18.250%3A2710&tr=udp%3A%2F%2Fopentor.org%3A2710&tr=udp%3A%2F%2Ftracker.coppersurfer.tk%3A6969%2Fannounce&tr=udp%3A%2F%2Ftracker.opentrackr.org%3A1337%2Fannounce&tr=http%3A%2F%2Ftracker.dler.org%3A6969%2Fannounce&tr=udp%3A%2F%2Ftracker.leechers-paradise.org%3A6969%2Fannounce&tr=udp%3A%2F%2F9.rarbg.me%3A2730%2Fannounce&tr=udp%3A%2F%2F9.rarbg.to%3A2770%2Fannounce&tr=udp%3A%2F%2Ftracker.pirateparty.gr%3A6969%2Fannounce&tr=http%3A%2F%2Fretracker.local%2Fannounce&tr=http%3A%2F%2Fretracker.ip.ncnet.ru%2Fannounce&tr=udp%3A%2F%2Fexodus.desync.com%3A6969%2Fannounce&tr=udp%3A%2F%2Fipv4.tracker.harry.lu%3A80%2Fannounce&tr=udp%3A%2F%2Fopen.stealth.si%3A80%2Fannounce&tr=udp%3A%2F%2Ftracker.zer0day.to%3A1337%2Fannounce&tr=udp%3A%2F%2Ftracker.leechers-paradise.org%3A6969%2Fannounce&tr=udp%3A%2F%2Fcoppersurfer.tk%3A6969%2Fannounce
Aery: Calm Mind,0.35,magnet:?xt=urn:btih:D803131AC312426184EE8A29686A183791D5A07B&dn=Aery%3A+Calm+Mind+%5BFitGirl+Repack%5D&tr=udp%3A%2F%2F46.148.18.250%3A2710&tr=udp%3A%2F%2Fopentor.org%3A2710&tr=udp%3A%2F%2Ftracker.coppersurfer.tk%3A6969%2Fannounce&tr=udp%3A%2F%2Ftracker.opentrackr.org%3A1337%2Fannounce&tr=http%3A%2F%2Ftracker.dler.org%3A6969%2Fannounce&tr=udp%3A%2F%2Ftracker.leechers-paradise.org%3A6969%2Fannounce&tr=udp%3A%2F%2F9.rarbg.me%3A2730%2Fannounce&tr=udp%3A%2F%2F9.rarbg.to%3A2770%2Fannounce&tr=udp%3A%2F%2Ftracker.pirateparty.gr%3A6969%2Fannounce&tr=http%3A%2F%2Fretracker.local%2Fannounce&tr=http%3A%2F%2Fretracker.ip.ncnet.ru%2Fannounce&tr=udp%3A%2F%2Fexodus.desync.com%3A6969%2Fannounce&tr=udp%3A%2F%2Fipv4.tracker.harry.lu%3A80%2Fannounce&tr=udp%3A%2F%2Fopen.stealth.si%3A80%2Fannounce&tr=udp%3A%2F%2Ftracker.zer0day.to%3A1337%2Fannounce&tr=udp%3A%2F%2Ftracker.leechers-paradise.org%3A6969%2Fannounce&tr=udp%3A%2F%2Fcoppersurfer.tk%3A6969%2Fannounce
Aery: Path of Corruption,0.36,magnet:?xt=urn:btih:161F2ED81F31BF098AF6E583DFCB69E68C45AD51&dn=Aery%3A+Path+of+Corruption+%5BFitGirl+Repack%5D&tr=udp%3A%2F%2Fopentor.net%3A6969&tr=udp%3A%2F%2Fopentor.org%3A2710&tr=udp%3A%2F%2Ftracker.opentrackr.org%3A1337%2Fannounce&tr=http%3A%2F%2Ftracker.dler.org%3A6969%2Fannounce&tr=udp%3A%2F%2Fexodus.desync.com%3A6969%2Fannounce&tr=udp%3A%2F%2Fipv4.tracker.harry.lu%3A80%2Fannounce&tr=udp%3A%2F%2Fopen.stealth.si%3A80%2Fannounce&tr=udp%3A%2F%2Fretracker.lanta-net.ru%3A2710%2Fannounce&tr=udp%3A%2F%2Ftracker.cyberia.is%3A6969%2Fannounce&tr=udp%3A%2F%2Ftracker.moeking.me%3A6969%2Fannounce&tr=udp%3A%2F%2Ftracker.tiny-vps.com%3A6969%2Fannounce&tr=udp%3A%2F%2Ftracker.torrent.eu.org%3A451%2Fannounce&tr=udp%3A%2F%2Ftracker.openbittorrent.com%3A80%2Fannounce&tr=udp%3A%2F%2Fexodus.desync.com%3A6969%2Fannounce&tr=udp%3A%2F%2Ftracker.opentrackr.org%3A1337%2Fannounce&tr=http%3A%2F%2Ftracker.openbittorrent.com%3A80%2Fannounce&tr=udp%3A%2F%2Fopentracker.i2p.rocks%3A6969%2Fannounce&tr=udp%3A%2F%2Ftracker.internetwarriors.net%3A1337%2Fannounce&tr=udp%3A%2F%2Ftracker.leechers-paradise.org%3A6969%2Fannounce&tr=udp%3A%2F%2Fcoppersurfer.tk%3A6969%2Fannounce&tr=udp%3A%2F%2Ftracker.zer0day.to%3A1337%2Fannounce
2Dark,0.37,magnet:?xt=urn:btih:3535132fe6e42724711e54c519b5996848205c24
890B – v1.2.3,0.37,magnet:?xt=urn:btih:F0709FD8EAE878CD135E4B2D9DCC28E6D0ECF1E0&dn=890B+%28v1.2.3%2C+MULTi6%29+%5BFitGirl+Repack%5D&tr=udp%3A%2F%2F46.148.18.250%3A2710&tr=udp%3A%2F%2Fopentor.org%3A2710&tr=udp%3A%2F%2Ftracker.coppersurfer.tk%3A6969%2Fannounce&tr=udp%3A%2F%2Ftracker.opentrackr.org%3A1337%2Fannounce&tr=http%3A%2F%2Ftracker.dler.org%3A6969%2Fannounce&tr=udp%3A%2F%2Ftracker.leechers-paradise.org%3A6969%2Fannounce&tr=udp%3A%2F%2F9.rarbg.me%3A2730%2Fannounce&tr=udp%3A%2F%2F9.rarbg.to%3A2770%2Fannounce&tr=udp%3A%2F%2Ftracker.pirateparty.gr%3A6969%2Fannounce&tr=http%3A%2F%2Fretracker.local%2Fannounce&tr=http%3A%2F%2Fretracker.ip.ncnet.ru%2Fannounce&tr=udp%3A%2F%2Fexodus.desync.com%3A6969%2Fannounce&tr=udp%3A%2F%2Fipv4.tracker.harry.lu%3A80%2Fannounce&tr=udp%3A%2F%2Fopen.stealth.si%3A80%2Fannounce&tr=udp%3A%2F%2Ftracker.zer0day.to%3A1337%2Fannounce&tr=udp%3A%2F%2Ftracker.leechers-paradise.org%3A6969%2Fannounce&tr=udp%3A%2F%2Fcoppersurfer.tk%3A6969%2Fannounce
Aery: Calm Mind 2,0.41,magnet:?xt=urn:btih:417C66B4EB5B323FD75C7684EFAC90881048CEB9&dn=Aery%3A+Calm+Mind+2+%5BFitGirl+Repack%5D&tr=udp%3A%2F%2F46.148.18.250%3A2710&tr=udp%3A%2F%2Fopentor.org%3A2710&tr=udp%3A%2F%2Ftracker.coppersurfer.tk%3A6969%2Fannounce&tr=udp%3A%2F%2Ftracker.opentrackr.org%3A1337%2Fannounce&tr=http%3A%2F%2Ftracker.dler.org%3A6969%2Fannounce&tr=udp%3A%2F%2Ftracker.leechers-paradise.org%3A6969%2Fannounce&tr=udp%3A%2F%2F9.rarbg.me%3A2730%2Fannounce&tr=udp%3A%2F%2F9.rarbg.to%3A2770%2Fannounce&tr=udp%3A%2F%2Ftracker.pirateparty.gr%3A6969%2Fannounce&tr=http%3A%2F%2Fretracker.local%2Fannounce&tr=http%3A%2F%2Fretracker.ip.ncnet.ru%2Fannounce&tr=udp%3A%2F%2Fexodus.desync.com%3A6969%2Fannounce&tr=udp%3A%2F%2Fipv4.tracker.harry.lu%3A80%2Fannounce&tr=udp%3A%2F%2Fopen.stealth.si%3A80%2Fannounce&tr=udp%3A%2F%2Ftracker.opentrackr.org%3A1337%2Fannounce&tr=http%3A%2F%2Ftracker.openbittorrent.com%3A80%2Fannounce&tr=udp%3A%2F%2Fopentracker.i2p.rocks%3A6969%2Fannounce&tr=udp%3A%2F%2Ftracker.internetwarriors.net%3A1337%2Fannounce&tr=udp%3A%2F%2Ftracker.leechers-paradise.org%3A6969%2Fannounce&tr=udp%3A%2F%2Fcoppersurfer.tk%3A6969%2Fannounce&tr=udp%3A%2F%2Ftracker.zer0day.to%3A1337%2Fannounce
8-Bit Hordes: Complete Edition – Build 618157,0.42,magnet:?xt=urn:btih:cfe76d75fce39056090dc4b68899b7b8be262bd4
A Little Golf Journey – v1.0.71,0.42,magnet:?xt=urn:btih:7A17B9EB411688B8676F123059D44F6ABFC39F25&dn=A+Little+Golf+Journey+%28v1.0.71%2C+MULTi8%29+%5BFitGirl+Repack%5D&tr=udp%3A%2F%2F46.148.18.250%3A2710&tr=udp%3A%2F%2Fopentor.org%3A2710&tr=udp%3A%2F%2Ftracker.coppersurfer.tk%3A6969%2Fannounce&tr=udp%3A%2F%2Ftracker.opentrackr.org%3A1337%2Fannounce&tr=http%3A%2F%2Ftracker.dler.org%3A6969%2Fannounce&tr=udp%3A%2F%2Ftracker.leechers-paradise.org%3A6969%2Fannounce&tr=udp%3A%2F%2F9.rarbg.me%3A2730%2Fannounce&tr=udp%3A%2F%2F9.rarbg.to%3A2770%2Fannounce&tr=udp%3A%2F%2Ftracker.pirateparty.gr%3A6969%2Fannounce&tr=http%3A%2F%2Fretracker.local%2Fannounce&tr=http%3A%2F%2Fretracker.ip.ncnet.ru%2Fannounce&tr=udp%3A%2F%2Fexodus.desync.com%3A6969%2Fannounce&tr=udp%3A%2F%2Fipv4.tracker.harry.lu%3A80%2Fannounce&tr=udp%3A%2F%2Fopen.stealth.si%3A80%2Fannounce&tr=udp%3A%2F%2Ftracker.zer0day.to%3A1337%2Fannounce&tr=udp%3A%2F%2Ftracker.leechers-paradise.org%3A6969%2Fannounce&tr=udp%3A%2F%2Fcoppersurfer.tk%3A6969%2Fannounce
Adore – v1.0 (Release),0.54,magnet:?xt=urn:btih:A15646C45F0B08DB63E4ED05A27EDADD8BF48A40&dn=Adore+%28v1.0+Release%2C+MULTi6%29+%5BFitGirl+Repack%5D&tr=udp%3A%2F%2Fopentor.net%3A6969&tr=udp%3A%2F%2Fopentor.org%3A2710&tr=udp%3A%2F%2F9.rarbg.me%3A2730%2Fannounce&tr=udp%3A%2F%2F9.rarbg.me%3A2770%2Fannounce&tr=udp%3A%2F%2F9.rarbg.to%3A2720%2Fannounce&tr=udp%3A%2F%2F9.rarbg.to%3A2730%2Fannounce&tr=udp%3A%2F%2F9.rarbg.to%3A2770%2Fannounce&tr=udp%3A%2F%2Fopentracker.i2p.rocks%3A6969%2Fannounce&tr=udp%3A%2F%2Ftracker.torrent.eu.org%3A451%2Fannounce&tr=https%3A%2F%2Ftracker.tamersunion.org%3A443%2Fannounce&tr=udp%3A%2F%2Fexodus.desync.com%3A6969%2Fannounce&tr=udp%3A%2F%2Ftracker.torrent.eu.org%3A451%2Fannounce&tr=http%3A%2F%2Ftracker.gbitt.info%3A80%2Fannounce&tr=http%3A%2F%2Ftracker.ccp.ovh%3A6969%2Fannounce&tr=udp%3A%2F%2Ftracker.opentrackr.org%3A1337%2Fannounce&tr=http%3A%2F%2Ftracker.openbittorrent.com%3A80%2Fannounce&tr=udp%3A%2F%2Fopentracker.i2p.rocks%3A6969%2Fannounce&tr=udp%3A%2F%2Ftracker.internetwarriors.net%3A1337%2Fannounce&tr=udp%3A%2F%2Ftracker.leechers-paradise.org%3A6969%2Fannounce&tr=udp%3A%2F%2Fcoppersurfer.tk%3A6969%2Fannounce&tr=udp%3A%2F%2Ftracker.zer0day.to%3A1337%2Fannounce
Aery: Dreamscape,0.54,magnet:?xt=urn:btih:A98B9C478640FB943A59841E0B705993AF3D0683&dn=Aery%3A+Dreamscape+%5BFitGirl+Repack%5D&tr=udp%3A%2F%2F46.148.18.250%3A2710&tr=udp%3A%2F%2Fopentor.org%3A2710&tr=udp%3A%2F%2Ftracker.coppersurfer.tk%3A6969%2Fannounce&tr=udp%3A%2F%2Ftracker.opentrackr.org%3A1337%2Fannounce&tr=http%3A%2F%2Ftracker.dler.org%3A6969%2Fannounce&tr=udp%3A%2F%2Ftracker.leechers-paradise.org%3A6969%2Fannounce&tr=udp%3A%2F%2F9.rarbg.me%3A2730%2Fannounce&tr=udp%3A%2F%2F9.rarbg.to%3A2770%2Fannounce&tr=udp%3A%2F%2Ftracker.pirateparty.gr%3A6969%2Fannounce&tr=http%3A%2F%2Fretracker.local%2Fannounce&tr=http%3A%2F%2Fretracker.ip.ncnet.ru%2Fannounce&tr=udp%3A%2F%2Fexodus.desync.com%3A6969%2Fannounce&tr=udp%3A%2F%2Fipv4.tracker.harry.lu%3A80%2Fannounce&tr=udp%3A%2F%2Fopen.stealth.si%3A80%2Fannounce&tr=udp%3A%2F%2Ftracker.zer0day.to%3A1337%2Fannounce&tr=udp%3A%2F%2Ftracker.leechers-paradise.org%3A6969%2Fannounce&tr=udp%3A%2F%2Fcoppersurfer.tk%3A6969%2Fannounce
A Boy and His Blob,0.56,magnet:?xt=urn:btih:666F7AD4A4CF4F38A7C32B953093872376422F7F
A Distant Stabbing,0.56,magnet:?xt=urn:btih:88E068741ECA1BBA317DEED9DE77769E877A90EC&dn=A+Distant+Stabbing+%5BFitGirl+Repack%5D&tr=udp%3A%2F%2F46.148.18.250%3A2710&tr=udp%3A%2F%2Fopentor.org%3A2710&tr=udp%3A%2F%2Ftracker.coppersurfer.tk%3A6969%2Fannounce&tr=udp%3A%2F%2Ftracker.opentrackr.org%3A1337%2Fannounce&tr=http%3A%2F%2Ftracker.dler.org%3A6969%2Fannounce&tr=udp%3A%2F%2Ftracker.leechers-paradise.org%3A6969%2Fannounce&tr=udp%3A%2F%2F9.rarbg.me%3A2730%2Fannounce&tr=udp%3A%2F%2F9.rarbg.to%3A2770%2Fannounce&tr=udp%3A%2F%2Ftracker.pirateparty.gr%3A6969%2Fannounce&tr=http%3A%2F%2Fretracker.local%2Fannounce&tr=http%3A%2F%2Fretracker.ip.ncnet.ru%2Fannounce&tr=udp%3A%2F%2Fexodus.desync.com%3A6969%2Fannounce&tr=udp%3A%2F%2Fipv4.tracker.harry.lu%3A80%2Fannounce&tr=udp%3A%2F%2Fopen.stealth.si%3A80%2Fannounce&tr=udp%3A%2F%2Ftracker.zer0day.to%3A1337%2Fannounce&tr=udp%3A%2F%2Ftracker.leechers-paradise.org%3A6969%2Fannounce&tr=udp%3A%2F%2Fcoppersurfer.tk%3A6969%2Fannounce
Abi and the Soul,0.59,magnet:?xt=urn:btih:89EE8F73F924F560BAFBFE127C6BD1FE00332817&dn=Abi+and+the+Soul+%28MULTi8%29+%5BFitGirl+Repack%5D&tr=udp%3A%2F%2F46.148.18.250%3A2710&tr=udp%3A%2F%2Fopentor.org%3A2710&tr=udp%3A%2F%2Ftracker.coppersurfer.tk%3A6969%2Fannounce&tr=udp%3A%2F%2Ftracker.opentrackr.org%3A1337%2Fannounce&tr=http%3A%2F%2Ftracker.dler.org%3A6969%2Fannounce&tr=udp%3A%2F%2Ftracker.leechers-paradise.org%3A6969%2Fannounce&tr=udp%3A%2F%2F9.rarbg.me%3A2730%2Fannounce&tr=udp%3A%2F%2F9.rarbg.to%3A2770%2Fannounce&tr=udp%3A%2F%2Ftracker.pirateparty.gr%3A6969%2Fannounce&tr=http%3A%2F%2Fretracker.local%2Fannounce&tr=http%3A%2F%2Fretracker.ip.ncnet.ru%2Fannounce&tr=udp%3A%2F%2Fexodus.desync.com%3A6969%2Fannounce&tr=udp%3A%2F%2Fipv4.tracker.harry.lu%3A80%2Fannounce&tr=udp%3A%2F%2Fopen.stealth.si%3A80%2Fannounce&tr=udp%3A%2F%2Ftracker.zer0day.to%3A1337%2Fannounce&tr=udp%3A%2F%2Ftracker.leechers-paradise.org%3A6969%2Fannounce&tr=udp%3A%2F%2Fcoppersurfer.tk%3A6969%2Fannounce
30XX: Deluxe Edition – v1.00.3 + Bonus OST,0.61,magnet:?xt=urn:btih:AD4CD7F9EDA2CCE0A230E615479A413D979DFBD9&dn=30XX%3A+Deluxe+Edition+%28v1.00.3+%2B+Bonus+OST%2C+MULTi11%29+%5BFitGirl+Repack%2C+Selective+Download+-+from+400+MB%5D&tr=udp%3A%2F%2Fopentor.net%3A6969&tr=http%3A%2F%2Ftracker.gbitt.info%3A80%2Fannounce&tr=udp%3A%2F%2Fopentracker.i2p.rocks%3A6969%2Fannounce&tr=http%3A%2F%2Ftracker.ccp.ovh%3A6969%2Fannounce&tr=udp%3A%2F%2Ftracker.ccp.ovh%3A6969%2Fannounce&tr=udp%3A%2F%2Ftracker.torrent.eu.org%3A451%2Fannounce&tr=udp%3A%2F%2Ftracker.torrent.eu.org%3A451%2Fannounce&tr=udp%3A%2F%2Ftracker.openbittorrent.com%3A6969%2Fannounce&tr=udp%3A%2F%2Ftracker.openbittorrent.com%3A80%2Fannounce&tr=udp%3A%2F%2Fexodus.desync.com%3A6969%2Fannounce&tr=udp%3A%2F%2Ftracker.theoks.net%3A6969%2Fannounce&tr=https%3A%2F%2Ftracker.tamersunion.org%3A443%2Fannounce&tr=http%3A%2F%2Fopen.acgnxtracker.com%3A80%2Fannounce&tr=http%3A%2F%2Fopen.acgtracker.com%3A1096%2Fannounce&tr=udp%3A%2F%2Ftracker.opentrackr.org%3A1337%2Fannounce&tr=http%3A%2F%2Ftracker.openbittorrent.com%3A80%2Fannounce&tr=udp%3A%2F%2Fopentracker.i2p.rocks%3A6969%2Fannounce&tr=udp%3A%2F%2Ftracker.internetwarriors.net%3A1337%2Fannounce&tr=udp%3A%2F%2Ftracker.leechers-paradise.org%3A6969%2Fannounce&tr=udp%3A%2F%2Fcoppersurfer.tk%3A6969%2Fannounce&tr=udp%3A%2F%2Ftracker.zer0day.to%3A1337%2Fannounce
Acolyte of the Altar – v1.0.69,0.62,magnet:?xt=urn:btih:856F4CD3A7AD88757749B536BA00BEE9DB1286B8&dn=Acolyte+of+the+Altar+%28v1.0.69%29+%5BFitGirl+Repack%5D&tr=udp%3A%2F%2Fopentracker.i2p.rocks%3A6969%2Fannounce&tr=http%3A%2F%2Ftracker.gbitt.info%3A80%2Fannounce&tr=http%3A%2F%2Ftracker.ccp.ovh%3A6969%2Fannounce&tr=udp%3A%2F%2Ftracker.ccp.ovh%3A6969%2Fannounce&tr=udp%3A%2F%2Ftracker.torrent.eu.org%3A451%2Fannounce&tr=udp%3A%2F%2Ftracker.torrent.eu.org%3A451%2Fannounce&tr=udp%3A%2F%2Ftracker.openbittorrent.com%3A6969%2Fannounce&tr=udp%3A%2F%2Ftracker.openbittorrent.com%3A80%2Fannounce&tr=udp%3A%2F%2Fexodus.desync.com%3A6969%2Fannounce&tr=udp%3A%2F%2Ftracker.theoks.net%3A6969%2Fannounce&tr=https%3A%2F%2Ftracker.tamersunion.org%3A443%2Fannounce&tr=http%3A%2F%2Fopen.acgnxtracker.com%3A80%2Fannounce&tr=http%3A%2F%2Fopen.acgtracker.com%3A1096%2Fannounce&tr=http%3A%2F%2Ftracker.bt4g.com%3A2095%2Fannounce&tr=udp%3A%2F%2Ftracker.opentrackr.org%3A1337%2Fannounce&tr=http%3A%2F%2Ftracker.openbittorrent.com%3A80%2Fannounce&tr=udp%3A%2F%2Fopentracker.i2p.rocks%3A6969%2Fannounce&tr=udp%3A%2F%2Ftracker.internetwarriors.net%3A1337%2Fannounce&tr=udp%3A%2F%2Ftracker.leechers-paradise.org%3A6969%2Fannounce&tr=udp%3A%2F%2Fcoppersurfer.tk%3A6969%2Fannounce&tr=udp%3A%2F%2Ftracker.zer0day.to%3A1337%2Fannounce
After University,0.65,magnet:?xt=urn:btih:8AB4F4B2AE78508895E6F578E4685AE7009067C0&dn=After+University+%5BFitGirl+Repack%5D&tr=udp%3A%2F%2Fopentracker.i2p.rocks%3A6969%2Fannounce&tr=http%3A%2F%2Ftracker.gbitt.info%3A80%2Fannounce&tr=http%3A%2F%2Ftracker.ccp.ovh%3A6969%2Fannounce&tr=udp%3A%2F%2Ftracker.ccp.ovh%3A6969%2Fannounce&tr=udp%3A%2F%2Ftracker.torrent.eu.org%3A451%2Fannounce&tr=udp%3A%2F%2Ftracker.torrent.eu.org%3A451%2Fannounce&tr=udp%3A%2F%2Ftracker.openbittorrent.com%3A6969%2Fannounce&tr=udp%3A%2F%2Ftracker.openbittorrent.com%3A80%2Fannounce&tr=udp%3A%2F%2Fexodus.desync.com%3A6969%2Fannounce&tr=udp%3A%2F%2Ftracker.theoks.net%3A6969%2Fannounce&tr=https%3A%2F%2Ftracker.tamersunion.org%3A443%2Fannounce&tr=http%3A%2F%2Fopen.acgnxtracker.com%3A80%2Fannounce&tr=http%3A%2F%2Fopen.acgtracker.com%3A1096%2Fannounce&tr=http%3A%2F%2Ftracker.bt4g.com%3A2095%2Fannounce&tr=udp%3A%2F%2Ftracker.opentrackr.org%3A1337%2Fannounce&tr=http%3A%2F%2Ftracker.openbittorrent.com%3A80%2Fannounce&tr=udp%3A%2F%2Fopentracker.i2p.rocks%3A6969%2Fannounce&tr=udp%3A%2F%2Ftracker.internetwarriors.net%3A1337%2Fannounce&tr=udp%3A%2F%2Ftracker.leechers-paradise.org%3A6969%2Fannounce&tr=udp%3A%2F%2Fcoppersurfer.tk%3A6969%2Fannounce&tr=udp%3A%2F%2Ftracker.zer0day.to%3A1337%2Fannounce
A Juggler’s Tale,0.71,magnet:?xt=urn:btih:FDDF6DCA363098330840C28D52DAD1F168CC36E1&dn=A+Juggler%26%23039%3Bs+Tale+%28MULTi10%29+%5BFitGirl+Repack%5D&tr=udp%3A%2F%2F46.148.18.250%3A2710&tr=udp%3A%2F%2Fopentor.org%3A2710&tr=udp%3A%2F%2Ftracker.coppersurfer.tk%3A6969%2Fannounce&tr=udp%3A%2F%2Ftracker.opentrackr.org%3A1337%2Fannounce&tr=http%3A%2F%2Ftracker.dler.org%3A6969%2Fannounce&tr=udp%3A%2F%2Ftracker.leechers-paradise.org%3A6969%2Fannounce&tr=udp%3A%2F%2F9.rarbg.me%3A2730%2Fannounce&tr=udp%3A%2F%2F9.rarbg.to%3A2770%2Fannounce&tr=udp%3A%2F%2Ftracker.pirateparty.gr%3A6969%2Fannounce&tr=http%3A%2F%2Fretracker.local%2Fannounce&tr=http%3A%2F%2Fretracker.ip.ncnet.ru%2Fannounce&tr=udp%3A%2F%2Fexodus.desync.com%3A6969%2Fannounce&tr=udp%3A%2F%2Fipv4.tracker.harry.lu%3A80%2Fannounce&tr=udp%3A%2F%2Fopen.stealth.si%3A80%2Fannounce&tr=udp%3A%2F%2Ftracker.zer0day.to%3A1337%2Fannounce&tr=udp%3A%2F%2Ftracker.leechers-paradise.org%3A6969%2Fannounce&tr=udp%3A%2F%2Fcoppersurfer.tk%3A6969%2Fannounce
Achtung! Cthulhu Tactics – v1.0.0.6,0.71,magnet:?xt=urn:btih:383FA503841951F4EF3CE136CA98C6AB0E6E1A09
AeternoBlade + 7 DLCs,0.71,magnet:?xt=urn:btih:6E0DAC4217CD2A1B866AC978ED254FC818F35924
Aery: A New Frontier,0.72,magnet:?xt=urn:btih:CAB54A3E560A08B3D632FF274ED2FDD1EFECBF29&dn=Aery%3A+A+New+Frontier+%5BFitGirl+Repack%5D&tr=udp%3A%2F%2Fopentor.org%3A2710&tr=udp%3A%2F%2Ftracker.opentrackr.org%3A1337%2Fannounce&tr=http%3A%2F%2Ftracker.dler.org%3A6969%2Fannounce&tr=udp%3A%2F%2Fexodus.desync.com%3A6969%2Fannounce&tr=udp%3A%2F%2Fipv4.tracker.harry.lu%3A80%2Fannounce&tr=udp%3A%2F%2Fopen.stealth.si%3A80%2Fannounce&tr=udp%3A%2F%2Fretracker.lanta-net.ru%3A2710%2Fannounce&tr=udp%3A%2F%2Ftracker.cyberia.is%3A6969%2Fannounce&tr=udp%3A%2F%2Ftracker.moeking.me%3A6969%2Fannounce&tr=udp%3A%2F%2Ftracker.tiny-vps.com%3A6969%2Fannounce&tr=udp%3A%2F%2Ftracker.torrent.eu.org%3A451%2Fannounce&tr=udp%3A%2F%2Fopentor.net%3A6969&tr=udp%3A%2F%2Ftracker.openbittorrent.com%3A6969%2Fannounce&tr=udp%3A%2F%2Fexodus.desync.com%3A6969%2Fannounce&tr=udp%3A%2F%2Ftracker.opentrackr.org%3A1337%2Fannounce&tr=http%3A%2F%2Ftracker.openbittorrent.com%3A80%2Fannounce&tr=udp%3A%2F%2Fopentracker.i2p.rocks%3A6969%2Fannounce&tr=udp%3A%2F%2Ftracker.internetwarriors.net%3A1337%2Fannounce&tr=udp%3A%2F%2Ftracker.leechers-paradise.org%3A6969%2Fannounce&tr=udp%3A%2F%2Fcoppersurfer.tk%3A6969%2Fannounce&tr=udp%3A%2F%2Ftracker.zer0day.to%3A1337%2Fannounce
ABZU – v1.1 + Proper Crack,0.79,magnet:?xt=urn:btih:D7557A8E38E25F30FCC3BFB46F3BA682EAF79E04
Abermore,0.83,magnet:?xt=urn:btih:3DD9314F7D374D9EC5E19EB278375AD14C1EC710&dn=Abermore+%5BFitGirl+Repack%5D&tr=udp%3A%2F%2F46.148.18.250%3A2710&tr=udp%3A%2F%2Fopentor.org%3A2710&tr=udp%3A%2F%2Ftracker.coppersurfer.tk%3A6969%2Fannounce&tr=udp%3A%2F%2Ftracker.opentrackr.org%3A1337%2Fannounce&tr=http%3A%2F%2Ftracker.dler.org%3A6969%2Fannounce&tr=udp%3A%2F%2Ftracker.leechers-paradise.org%3A6969%2Fannounce&tr=udp%3A%2F%2F9.rarbg.me%3A2730%2Fannounce&tr=udp%3A%2F%2F9.rarbg.to%3A2770%2Fannounce&tr=udp%3A%2F%2Ftracker.pirateparty.gr%3A6969%2Fannounce&tr=http%3A%2F%2Fretracker.local%2Fannounce&tr=http%3A%2F%2Fretracker.ip.ncnet.ru%2Fannounce&tr=udp%3A%2F%2Fexodus.desync.com%3A6969%2Fannounce&tr=udp%3A%2F%2Fipv4.tracker.harry.lu%3A80%2Fannounce&tr=udp%3A%2F%2Fopen.stealth.si%3A80%2Fannounce&tr=udp%3A%2F%2Ftracker.opentrackr.org%3A1337%2Fannounce&tr=http%3A%2F%2Ftracker.openbittorrent.com%3A80%2Fannounce&tr=udp%3A%2F%2Fopentracker.i2p.rocks%3A6969%2Fannounce&tr=udp%3A%2F%2Ftracker.internetwarriors.net%3A1337%2Fannounce&tr=udp%3A%2F%2Ftracker.leechers-paradise.org%3A6969%2Fannounce&tr=udp%3A%2F%2Fcoppersurfer.tk%3A6969%2Fannounce&tr=udp%3A%2F%2Ftracker.zer0day.to%3A1337%2Fannounce
Across The Obelisk: Complete Bundle – v1.4.0 + 6 DLCs,0.84,magnet:?xt=urn:btih:2E74958E1B2801BA1B350705B6E3CF4BC7B7DE43&dn=Across+The+Obelisk%3A+Complete+Bundle+%28v1.4.0+%2B+6+DLCs%2C+MULTi6%29+%5BFitGirl+Repack%5D&tr=udp%3A%2F%2Fopentracker.i2p.rocks%3A6969%2Fannounce&tr=http%3A%2F%2Ftracker.gbitt.info%3A80%2Fannounce&tr=http%3A%2F%2Ftracker.ccp.ovh%3A6969%2Fannounce&tr=udp%3A%2F%2Ftracker.ccp.ovh%3A6969%2Fannounce&tr=udp%3A%2F%2Ftracker.torrent.eu.org%3A451%2Fannounce&tr=udp%3A%2F%2Ftracker.torrent.eu.org%3A451%2Fannounce&tr=udp%3A%2F%2Ftracker.openbittorrent.com%3A6969%2Fannounce&tr=udp%3A%2F%2Ftracker.openbittorrent.com%3A80%2Fannounce&tr=udp%3A%2F%2Fexodus.desync.com%3A6969%2Fannounce&tr=udp%3A%2F%2Ftracker.theoks.net%3A6969%2Fannounce&tr=https%3A%2F%2Ftracker.tamersunion.org%3A443%2Fannounce&tr=http%3A%2F%2Fopen.acgnxtracker.com%3A80%2Fannounce&tr=http%3A%2F%2Fopen.acgtracker.com%3A1096%2Fannounce&tr=http%3A%2F%2Ftracker.bt4g.com%3A2095%2Fannounce&tr=udp%3A%2F%2Ftracker.opentrackr.org%3A1337%2Fannounce&tr=http%3A%2F%2Ftracker.openbittorrent.com%3A80%2Fannounce&tr=udp%3A%2F%2Fopentracker.i2p.rocks%3A6969%2Fannounce&tr=udp%3A%2F%2Ftracker.internetwarriors.net%3A1337%2Fannounce&tr=udp%3A%2F%2Ftracker.leechers-paradise.org%3A6969%2Fannounce&tr=udp%3A%2F%2Fcoppersurfer.tk%3A6969%2Fannounce&tr=udp%3A%2F%2Ftracker.zer0day.to%3A1337%2Fannounce
A Twisted Tale,0.95,magnet:?xt=urn:btih:9F8256918FCB533A10BAF601148C91BC19E40F02&dn=A+Twisted+Tale+%28ENG%2FGER%29+%5BFitGirl+Repack%2C+Selective+Download+-+from+746+MB%5D&tr=udp%3A%2F%2Fopentracker.i2p.rocks%3A6969%2Fannounce&tr=http%3A%2F%2Ftracker.gbitt.info%3A80%2Fannounce&tr=http%3A%2F%2Ftracker.ccp.ovh%3A6969%2Fannounce&tr=udp%3A%2F%2Ftracker.ccp.ovh%3A6969%2Fannounce&tr=udp%3A%2F%2Ftracker.torrent.eu.org%3A451%2Fannounce&tr=udp%3A%2F%2Ftracker.torrent.eu.org%3A451%2Fannounce&tr=udp%3A%2F%2Ftracker.openbittorrent.com%3A6969%2Fannounce&tr=udp%3A%2F%2Ftracker.openbittorrent.com%3A80%2Fannounce&tr=udp%3A%2F%2Fexodus.desync.com%3A6969%2Fannounce&tr=udp%3A%2F%2Ftracker.theoks.net%3A6969%2Fannounce&tr=https%3A%2F%2Ftracker.tamersunion.org%3A443%2Fannounce&tr=http%3A%2F%2Fopen.acgnxtracker.com%3A80%2Fannounce&tr=http%3A%2F%2Fopen.acgtracker.com%3A1096%2Fannounce&tr=http%3A%2F%2Ftracker.bt4g.com%3A2095%2Fannounce&tr=udp%3A%2F%2Ftracker.opentrackr.org%3A1337%2Fannounce&tr=http%3A%2F%2Ftracker.openbittorrent.com%3A80%2Fannounce&tr=udp%3A%2F%2Fopentracker.i2p.rocks%3A6969%2Fannounce&tr=udp%3A%2F%2Ftracker.internetwarriors.net%3A1337%2Fannounce&tr=udp%3A%2F%2Ftracker.leechers-paradise.org%3A6969%2Fannounce&tr=udp%3A%2F%2Fcoppersurfer.tk%3A6969%2Fannounce&tr=udp%3A%2F%2Ftracker.zer0day.to%3A1337%2Fannounce
A Divine Guide To Puzzle Solving,1.0,magnet:?xt=urn:btih:E298676E86890FDEE0E32B67BEFA7C7D39F90B0B&dn=A+Divine+Guide+To+Puzzle+Solving+%28ENG%2FGER%29+%5BFitGirl+Repack%5D&tr=udp%3A%2F%2Fopentracker.i2p.rocks%3A6969%2Fannounce&tr=http%3A%2F%2Ftracker.gbitt.info%3A80%2Fannounce&tr=http%3A%2F%2Ftracker.ccp.ovh%3A6969%2Fannounce&tr=udp%3A%2F%2Ftracker.ccp.ovh%3A6969%2Fannounce&tr=udp%3A%2F%2Ftracker.torrent.eu.org%3A451%2Fannounce&tr=udp%3A%2F%2Ftracker.torrent.eu.org%3A451%2Fannounce&tr=udp%3A%2F%2Ftracker.openbittorrent.com%3A6969%2Fannounce&tr=udp%3A%2F%2Ftracker.openbittorrent.com%3A80%2Fannounce&tr=udp%3A%2F%2Fexodus.desync.com%3A6969%2Fannounce&tr=udp%3A%2F%2Ftracker.theoks.net%3A6969%2Fannounce&tr=https%3A%2F%2Ftracker.tamersunion.org%3A443%2Fannounce&tr=http%3A%2F%2Fopen.acgnxtracker.com%3A80%2Fannounce&tr=http%3A%2F%2Fopen.acgtracker.com%3A1096%2Fannounce&tr=http%3A%2F%2Ftracker.bt4g.com%3A2095%2Fannounce&tr=udp%3A%2F%2Ftracker.opentrackr.org%3A1337%2Fannounce&tr=http%3A%2F%2Ftracker.openbittorrent.com%3A80%2Fannounce&tr=udp%3A%2F%2Fopentracker.i2p.rocks%3A6969%2Fannounce&tr=udp%3A%2F%2Ftracker.internetwarriors.net%3A1337%2Fannounce&tr=udp%3A%2F%2Ftracker.leechers-paradise.org%3A6969%2Fannounce&tr=udp%3A%2F%2Fcoppersurfer.tk%3A6969%2Fannounce&tr=udp%3A%2F%2Ftracker.zer0day.to%3A1337%2Fannounce
ADACA – v1.0.1,1.0,magnet:?xt=urn:btih:F3A46E7A8BE5C9F6782DDC471D39A9FBEFDA8C7C&dn=ADACA+%28v1.0.1%29+%5BFitGirl+Repack%5D&tr=udp%3A%2F%2Fopentor.org%3A2710&tr=udp%3A%2F%2Ftracker.opentrackr.org%3A1337%2Fannounce&tr=http%3A%2F%2Ftracker.dler.org%3A6969%2Fannounce&tr=udp%3A%2F%2Fexodus.desync.com%3A6969%2Fannounce&tr=udp%3A%2F%2Fipv4.tracker.harry.lu%3A80%2Fannounce&tr=udp%3A%2F%2Fopen.stealth.si%3A80%2Fannounce&tr=udp%3A%2F%2Fretracker.lanta-net.ru%3A2710%2Fannounce&tr=udp%3A%2F%2Ftracker.cyberia.is%3A6969%2Fannounce&tr=udp%3A%2F%2Ftracker.moeking.me%3A6969%2Fannounce&tr=udp%3A%2F%2Ftracker.tiny-vps.com%3A6969%2Fannounce&tr=udp%3A%2F%2Ftracker.torrent.eu.org%3A451%2Fannounce&tr=udp%3A%2F%2Fopentor.net%3A6969&tr=udp%3A%2F%2Ftracker.openbittorrent.com%3A80%2Fannounce&tr=udp%3A%2F%2Fexodus.desync.com%3A6969%2Fannounce&tr=udp%3A%2F%2Ftracker.opentrackr.org%3A1337%2Fannounce&tr=http%3A%2F%2Ftracker.openbittorrent.com%3A80%2Fannounce&tr=udp%3A%2F%2Fopentracker.i2p.rocks%3A6969%2Fannounce&tr=udp%3A%2F%2Ftracker.internetwarriors.net%3A1337%2Fannounce&tr=udp%3A%2F%2Ftracker.leechers-paradise.org%3A6969%2Fannounce&tr=udp%3A%2F%2Fcoppersurfer.tk%3A6969%2Fannounce&tr=udp%3A%2F%2Ftracker.zer0day.to%3A1337%2Fannounce
112 Operator – v.0210429.72w-cb + 5 DLCs,1.1,magnet:?xt=urn:btih:A7BDCA3E4246A41717150D9CB96D5C5B5C12477C&dn=112+Operator+%28v.0210429.72w-cb+%2B+5+DLCs%2C+MULTi10%29+%5BFitGirl+Repack%5D&tr=udp%3A%2F%2F46.148.18.250%3A2710&tr=udp%3A%2F%2Fopentor.org%3A2710&tr=udp%3A%2F%2Ftracker.coppersurfer.tk%3A6969%2Fannounce&tr=udp%3A%2F%2Ftracker.opentrackr.org%3A1337%2Fannounce&tr=http%3A%2F%2Ftracker.dler.org%3A6969%2Fannounce&tr=udp%3A%2F%2Ftracker.leechers-paradise.org%3A6969%2Fannounce&tr=udp%3A%2F%2F9.rarbg.me%3A2730%2Fannounce&tr=udp%3A%2F%2F9.rarbg.to%3A2770%2Fannounce&tr=udp%3A%2F%2Ftracker.pirateparty.gr%3A6969%2Fannounce&tr=http%3A%2F%2Fretracker.local%2Fannounce&tr=http%3A%2F%2Fretracker.ip.ncnet.ru%2Fannounce&tr=udp%3A%2F%2Fexodus.desync.com%3A6969%2Fannounce&tr=udp%3A%2F%2Fipv4.tracker.harry.lu%3A80%2Fannounce&tr=udp%3A%2F%2Fopen.stealth.si%3A80%2Fannounce&tr=udp%3A%2F%2Ftracker.zer0day.to%3A1337%2Fannounce&tr=udp%3A%2F%2Ftracker.leechers-paradise.org%3A6969%2Fannounce&tr=udp%3A%2F%2Fcoppersurfer.tk%3A6969%2Fannounce
1428: Shadows over Silesia – v1.0.14,1.1,magnet:?xt=urn:btih:65F6EFADF7560B623F1D86EAEB800E51A446EAB9&dn=1428%3A+Shadows+over+Silesia+%28v1.0.14%2C+MULTi4%29+%5BFitGirl+Repack%5D&tr=udp%3A%2F%2Fopentor.net%3A6969&tr=udp%3A%2F%2Fopentor.org%3A2710&tr=udp%3A%2F%2Ftracker.opentrackr.org%3A1337%2Fannounce&tr=http%3A%2F%2Ftracker.dler.org%3A6969%2Fannounce&tr=udp%3A%2F%2Fexodus.desync.com%3A6969%2Fannounce&tr=udp%3A%2F%2Fipv4.tracker.harry.lu%3A80%2Fannounce&tr=udp%3A%2F%2Fopen.stealth.si%3A80%2Fannounce&tr=udp%3A%2F%2Fretracker.lanta-net.ru%3A2710%2Fannounce&tr=udp%3A%2F%2Ftracker.cyberia.is%3A6969%2Fannounce&tr=udp%3A%2F%2Ftracker.moeking.me%3A6969%2Fannounce&tr=udp%3A%2F%2Ftracker.tiny-vps.com%3A6969%2Fannounce&tr=udp%3A%2F%2Ftracker.torrent.eu.org%3A451%2Fannounce&tr=udp%3A%2F%2Ftracker.openbittorrent.com%3A80%2Fannounce&tr=udp%3A%2F%2Fexodus.desync.com%3A6969%2Fannounce&tr=udp%3A%2F%2Ftracker.opentrackr.org%3A1337%2Fannounce&tr=http%3A%2F%2Ftracker.openbittorrent.com%3A80%2Fannounce&tr=udp%3A%2F%2Fopentracker.i2p.rocks%3A6969%2Fannounce&tr=udp%3A%2F%2Ftracker.internetwarriors.net%3A1337%2Fannounce&tr=udp%3A%2F%2Ftracker.leechers-paradise.org%3A6969%2Fannounce&tr=udp%3A%2F%2Fcoppersurfer.tk%3A6969%2Fannounce&tr=udp%3A%2F%2Ftracker.zer0day.to%3A1337%2Fannounce
ADR1FT – v1.2.9.20854,1.1,magnet:?xt=urn:btih:0ABCA30445006A656D61B8603E96BB4E55CD77CC
A Memoir Blue,1.2,magnet:?xt=urn:btih:AD9F041CEEB15F3B32D81571531376D9BE548A36&dn=A+Memoir+Blue+%28MULTi14%29+%5BFitGirl+Repack%5D&tr=udp%3A%2F%2F46.148.18.250%3A2710&tr=udp%3A%2F%2Fopentor.org%3A2710&tr=udp%3A%2F%2Ftracker.coppersurfer.tk%3A6969%2Fannounce&tr=udp%3A%2F%2Ftracker.opentrackr.org%3A1337%2Fannounce&tr=http%3A%2F%2Ftracker.dler.org%3A6969%2Fannounce&tr=udp%3A%2F%2Ftracker.leechers-paradise.org%3A6969%2Fannounce&tr=udp%3A%2F%2F9.rarbg.me%3A2730%2Fannounce&tr=udp%3A%2F%2F9.rarbg.to%3A2770%2Fannounce&tr=udp%3A%2F%2Ftracker.pirateparty.gr%3A6969%2Fannounce&tr=http%3A%2F%2Fretracker.local%2Fannounce&tr=http%3A%2F%2Fretracker.ip.ncnet.ru%2Fannounce&tr=udp%3A%2F%2Fexodus.desync.com%3A6969%2Fannounce&tr=udp%3A%2F%2Fipv4.tracker.harry.lu%3A80%2Fannounce&tr=udp%3A%2F%2Fopen.stealth.si%3A80%2Fannounce&tr=udp%3A%2F%2Ftracker.opentrackr.org%3A1337%2Fannounce&tr=http%3A%2F%2Ftracker.openbittorrent.com%3A80%2Fannounce&tr=udp%3A%2F%2Fopentracker.i2p.rocks%3A6969%2Fannounce&tr=udp%3A%2F%2Ftracker.internetwarriors.net%3A1337%2Fannounce&tr=udp%3A%2F%2Ftracker.leechers-paradise.org%3A6969%2Fannounce&tr=udp%3A%2F%2Fcoppersurfer.tk%3A6969%2Fannounce&tr=udp%3A%2F%2Ftracker.zer0day.to%3A1337%2Fannounce
ABRISS: Build to Destroy – v1.0.9b + Bonus OST,1.2,magnet:?xt=urn:btih:7635E7BDE1946AE56583D65A55A54E916CBFCECF&dn=ABRISS%3A+Build+to+Destroy+%28v1.0.9b+%2B+Bonus+OST%2C+MULTi18%29+%5BFitGirl+Repack%2C+Selective+Download+-+from+1.1+GB%5D&tr=udp%3A%2F%2Fopentor.net%3A6969&tr=udp%3A%2F%2Fopentracker.i2p.rocks%3A6969%2Fannounce&tr=http%3A%2F%2Ftracker.gbitt.info%3A80%2Fannounce&tr=http%3A%2F%2Ftracker.ccp.ovh%3A6969%2Fannounce&tr=udp%3A%2F%2Ftracker.ccp.ovh%3A6969%2Fannounce&tr=udp%3A%2F%2Ftracker.torrent.eu.org%3A451%2Fannounce&tr=udp%3A%2F%2Ftracker.torrent.eu.org%3A451%2Fannounce&tr=udp%3A%2F%2Ftracker.openbittorrent.com%3A6969%2Fannounce&tr=udp%3A%2F%2Ftracker.openbittorrent.com%3A80%2Fannounce&tr=udp%3A%2F%2Fexodus.desync.com%3A6969%2Fannounce&tr=udp%3A%2F%2Ftracker.theoks.net%3A6969%2Fannounce&tr=https%3A%2F%2Ftracker.tamersunion.org%3A443%2Fannounce&tr=http%3A%2F%2Fopen.acgnxtracker.com%3A80%2Fannounce&tr=http%3A%2F%2Fopen.acgtracker.com%3A1096%2Fannounce&tr=udp%3A%2F%2Ftracker.opentrackr.org%3A1337%2Fannounce&tr=http%3A%2F%2Ftracker.openbittorrent.com%3A80%2Fannounce&tr=udp%3A%2F%2Fopentracker.i2p.rocks%3A6969%2Fannounce&tr=udp%3A%2F%2Ftracker.internetwarriors.net%3A1337%2Fannounce&tr=udp%3A%2F%2Ftracker.leechers-paradise.org%3A6969%2Fannounce&tr=udp%3A%2F%2Fcoppersurfer.tk%3A6969%2Fannounce&tr=udp%3A%2F%2Ftracker.zer0day.to%3A1337%2Fannounce
AaaaaAAaaaAAAaaAAAAaAAAAA!!! Remastered – v2024.01.24b110,1.3,magnet:?xt=urn:btih:991CB73FB8DDCEAE814DC8B47FC2856BDC299275&dn=AaaaaAAaaaAAAaaAAAAaAAAAA%21%21%21+Remastered+%28v2024.01.24b110%29+%5BFitGirl+Repack%5D&tr=udp%3A%2F%2Fopentracker.i2p.rocks%3A6969%2Fannounce&tr=http%3A%2F%2Ftracker.gbitt.info%3A80%2Fannounce&tr=http%3A%2F%2Ftracker.ccp.ovh%3A6969%2Fannounce&tr=udp%3A%2F%2Ftracker.ccp.ovh%3A6969%2Fannounce&tr=udp%3A%2F%2Ftracker.torrent.eu.org%3A451%2Fannounce&tr=udp%3A%2F%2Ftracker.torrent.eu.org%3A451%2Fannounce&tr=udp%3A%2F%2Ftracker.openbittorrent.com%3A6969%2Fannounce&tr=udp%3A%2F%2Ftracker.openbittorrent.com%3A80%2Fannounce&tr=udp%3A%2F%2Fexodus.desync.com%3A6969%2Fannounce&tr=udp%3A%2F%2Ftracker.theoks.net%3A6969%2Fannounce&tr=https%3A%2F%2Ftracker.tamersunion.org%3A443%2Fannounce&tr=http%3A%2F%2Fopen.acgnxtracker.com%3A80%2Fannounce&tr=http%3A%2F%2Fopen.acgtracker.com%3A1096%2Fannounce&tr=http%3A%2F%2Ftracker.bt4g.com%3A2095%2Fannounce&tr=udp%3A%2F%2Ftracker.opentrackr.org%3A1337%2Fannounce&tr=http%3A%2F%2Ftracker.openbittorrent.com%3A80%2Fannounce&tr=udp%3A%2F%2Fopentracker.i2p.rocks%3A6969%2Fannounce&tr=udp%3A%2F%2Ftracker.internetwarriors.net%3A1337%2Fannounce&tr=udp%3A%2F%2Ftracker.leechers-paradise.org%3A6969%2Fannounce&tr=udp%3A%2F%2Fcoppersurfer.tk%3A6969%2Fannounce&tr=udp%3A%2F%2Ftracker.zer0day.to%3A1337%2Fannounce
Affogato: Deluxe Edition – v0.8.8 + Bonus Soundtrack,1.4,magnet:?xt=urn:btih:0E8B991EBF2AF78ED88E55FDAA34B6C92F11AEDC&dn=Affogato%3A+Deluxe+Edition+%28v0.8.8+%2B+Bonus+Soundtrack%2C+MULTi4%29+%5BFitGirl+Repack%5D&tr=http%3A%2F%2Ftracker.gbitt.info%3A80%2Fannounce&tr=udp%3A%2F%2Fopentracker.i2p.rocks%3A6969%2Fannounce&tr=http%3A%2F%2Ftracker.ccp.ovh%3A6969%2Fannounce&tr=udp%3A%2F%2Ftracker.ccp.ovh%3A6969%2Fannounce&tr=udp%3A%2F%2Ftracker.torrent.eu.org%3A451%2Fannounce&tr=udp%3A%2F%2Ftracker.torrent.eu.org%3A451%2Fannounce&tr=udp%3A%2F%2Ftracker.openbittorrent.com%3A6969%2Fannounce&tr=udp%3A%2F%2Ftracker.openbittorrent.com%3A80%2Fannounce&tr=udp%3A%2F%2Fexodus.desync.com%3A6969%2Fannounce&tr=udp%3A%2F%2Ftracker.theoks.net%3A6969%2Fannounce&tr=https%3A%2F%2Ftracker.tamersunion.org%3A443%2Fannounce&tr=http%3A%2F%2Fopen.acgnxtracker.com%3A80%2Fannounce&tr=http%3A%2F%2Fopen.acgtracker.com%3A1096%2Fannounce&tr=http%3A%2F%2Ftracker.bt4g.com%3A2095%2Fannounce&tr=udp%3A%2F%2Ftracker.opentrackr.org%3A1337%2Fannounce&tr=http%3A%2F%2Ftracker.openbittorrent.com%3A80%2Fannounce&tr=udp%3A%2F%2Fopentracker.i2p.rocks%3A6969%2Fannounce&tr=udp%3A%2F%2Ftracker.internetwarriors.net%3A1337%2Fannounce&tr=udp%3A%2F%2Ftracker.leechers-paradise.org%3A6969%2Fannounce&tr=udp%3A%2F%2Fcoppersurfer.tk%3A6969%2Fannounce&tr=udp%3A%2F%2Ftracker.zer0day.to%3A1337%2Fannounce
Absolute Tactics: Daughters of Mercy – v1.0.03,1.5,magnet:?xt=urn:btih:5E040BB44C7B2E681A23A09B153725DB25437576&dn=Absolute+Tactics%3A+Daughters+of+Mercy+%28v1.0.03%2C+MULTi9%29+%5BFitGirl+Repack%2C+Selective+Download+-+from+1.3+GB%5D&tr=udp%3A%2F%2Fopentor.net%3A6969&tr=udp%3A%2F%2Fopentor.org%3A2710&tr=udp%3A%2F%2Ftracker.opentrackr.org%3A1337%2Fannounce&tr=http%3A%2F%2Ftracker.dler.org%3A6969%2Fannounce&tr=udp%3A%2F%2Fexodus.desync.com%3A6969%2Fannounce&tr=udp%3A%2F%2Fipv4.tracker.harry.lu%3A80%2Fannounce&tr=udp%3A%2F%2Fopen.stealth.si%3A80%2Fannounce&tr=udp%3A%2F%2Fretracker.lanta-net.ru%3A2710%2Fannounce&tr=udp%3A%2F%2Ftracker.cyberia.is%3A6969%2Fannounce&tr=udp%3A%2F%2Ftracker.moeking.me%3A6969%2Fannounce&tr=udp%3A%2F%2Ftracker.tiny-vps.com%3A6969%2Fannounce&tr=udp%3A%2F%2Ftracker.torrent.eu.org%3A451%2Fannounce&tr=udp%3A%2F%2Ftracker.openbittorrent.com%3A80%2Fannounce&tr=udp%3A%2F%2Fexodus.desync.com%3A6969%2Fannounce&tr=udp%3A%2F%2Ftracker.opentrackr.org%3A1337%2Fannounce&tr=http%3A%2F%2Ftracker.openbittorrent.com%3A80%2Fannounce&tr=udp%3A%2F%2Fopentracker.i2p.rocks%3A6969%2Fannounce&tr=udp%3A%2F%2Ftracker.internetwarriors.net%3A1337%2Fannounce&tr=udp%3A%2F%2Ftracker.leechers-paradise.org%3A6969%2Fannounce&tr=udp%3A%2F%2Fcoppersurfer.tk%3A6969%2Fannounce&tr=udp%3A%2F%2Ftracker.zer0day.to%3A1337%2Fannounce
Actraiser Renaissance,1.5,magnet:?xt=urn:btih:05A6EED979671220C20D84F09DFA62E0386FC5C5&dn=Actraiser+Renaissance+%28MULTi4%29+%5BFitGirl+Repack%2C+Selective+Download+-+from+1.5+GB%5D&tr=udp%3A%2F%2F46.148.18.250%3A2710&tr=udp%3A%2F%2Fopentor.org%3A2710&tr=udp%3A%2F%2Ftracker.coppersurfer.tk%3A6969%2Fannounce&tr=udp%3A%2F%2Ftracker.opentrackr.org%3A1337%2Fannounce&tr=http%3A%2F%2Ftracker.dler.org%3A6969%2Fannounce&tr=udp%3A%2F%2Ftracker.leechers-paradise.org%3A6969%2Fannounce&tr=udp%3A%2F%2F9.rarbg.me%3A2730%2Fannounce&tr=udp%3A%2F%2F9.rarbg.to%3A2770%2Fannounce&tr=udp%3A%2F%2Ftracker.pirateparty.gr%3A6969%2Fannounce&tr=http%3A%2F%2Fretracker.local%2Fannounce&tr=http%3A%2F%2Fretracker.ip.ncnet.ru%2Fannounce&tr=udp%3A%2F%2Fexodus.desync.com%3A6969%2Fannounce&tr=udp%3A%2F%2Fipv4.tracker.harry.lu%3A80%2Fannounce&tr=udp%3A%2F%2Fopen.stealth.si%3A80%2Fannounce&tr=udp%3A%2F%2Ftracker.zer0day.to%3A1337%2Fannounce&tr=udp%3A%2F%2Ftracker.leechers-paradise.org%3A6969%2Fannounce&tr=udp%3A%2F%2Fcoppersurfer.tk%3A6969%2Fannounce
Aeon Must Die! – v1.14 + Wrathful King Set DLC,1.5,magnet:?xt=urn:btih:82ED2CFC689A89801363D1CA278C8E4E57EE2B45&dn=Aeon+Must+Die%21+%28v1.14+%2B+Wrathful+King+Set+DLC%2C+MULTi11%29+%5BFitGirl+Repack%5D&tr=udp%3A%2F%2F46.148.18.250%3A2710&tr=udp%3A%2F%2Fopentor.org%3A2710&tr=udp%3A%2F%2Ftracker.coppersurfer.tk%3A6969%2Fannounce&tr=udp%3A%2F%2Ftracker.opentrackr.org%3A1337%2Fannounce&tr=http%3A%2F%2Ftracker.dler.org%3A6969%2Fannounce&tr=udp%3A%2F%2Ftracker.leechers-paradise.org%3A6969%2Fannounce&tr=udp%3A%2F%2F9.rarbg.me%3A2730%2Fannounce&tr=udp%3A%2F%2F9.rarbg.to%3A2770%2Fannounce&tr=udp%3A%2F%2Ftracker.pirateparty.gr%3A6969%2Fannounce&tr=http%3A%2F%2Fretracker.local%2Fannounce&tr=http%3A%2F%2Fretracker.ip.ncnet.ru%2Fannounce&tr=udp%3A%2F%2Fexodus.desync.com%3A6969%2Fannounce&tr=udp%3A%2F%2Fipv4.tracker.harry.lu%3A80%2Fannounce&tr=udp%3A%2F%2Fopen.stealth.si%3A80%2Fannounce&tr=udp%3A%2F%2Ftracker.zer0day.to%3A1337%2Fannounce&tr=udp%3A%2F%2Ftracker.leechers-paradise.org%3A6969%2Fannounce&tr=udp%3A%2F%2Fcoppersurfer.tk%3A6969%2Fannounce
Afterparty,1.5,magnet:?xt=urn:btih:55C86D861CB1DD5BECDB1926498FE4B0311D87DD
100% Orange Juice: All Stars Collection – v3.7 + 31 DLCs,1.6,magnet:?xt=urn:btih:B7C892EAECD7E39B769DA7138E5DCE957ACF197C&dn=100%25+Orange+Juice%3A+All+Stars+Collection+%28v3.7+%2B+31+DLCs%2C+MULTi9%29+%5BFitGirl+Repack%5D&tr=udp%3A%2F%2F46.148.18.250%3A2710&tr=udp%3A%2F%2Fopentor.org%3A2710&tr=udp%3A%2F%2Ftracker.coppersurfer.tk%3A6969%2Fannounce&tr=udp%3A%2F%2Ftracker.opentrackr.org%3A1337%2Fannounce&tr=http%3A%2F%2Ftracker.dler.org%3A6969%2Fannounce&tr=udp%3A%2F%2Ftracker.leechers-paradise.org%3A6969%2Fannounce&tr=udp%3A%2F%2F9.rarbg.me%3A2730%2Fannounce&tr=udp%3A%2F%2F9.rarbg.to%3A2770%2Fannounce&tr=udp%3A%2F%2Ftracker.pirateparty.gr%3A6969%2Fannounce&tr=http%3A%2F%2Fretracker.local%2Fannounce&tr=http%3A%2F%2Fretracker.ip.ncnet.ru%2Fannounce&tr=udp%3A%2F%2Fexodus.desync.com%3A6969%2Fannounce&tr=udp%3A%2F%2Fipv4.tracker.harry.lu%3A80%2Fannounce&tr=udp%3A%2F%2Fopen.stealth.si%3A80%2Fannounce&tr=udp%3A%2F%2Ftracker.zer0day.to%3A1337%2Fannounce&tr=udp%3A%2F%2Ftracker.leechers-paradise.org%3A6969%2Fannounce&tr=udp%3A%2F%2Fcoppersurfer.tk%3A6969%2Fannounce
Abtos Covert,1.6,magnet:?xt=urn:btih:2ACF49CCF502D9688E51D234C94C22D4367AAA26&dn=Abtos+Covert+%5BFitGirl+Repack%5D&tr=udp%3A%2F%2Fopentracker.i2p.rocks%3A6969%2Fannounce&tr=http%3A%2F%2Ftracker.gbitt.info%3A80%2Fannounce&tr=http%3A%2F%2Ftracker.ccp.ovh%3A6969%2Fannounce&tr=udp%3A%2F%2Ftracker.ccp.ovh%3A6969%2Fannounce&tr=udp%3A%2F%2Ftracker.torrent.eu.org%3A451%2Fannounce&tr=udp%3A%2F%2Ftracker.torrent.eu.org%3A451%2Fannounce&tr=udp%3A%2F%2Ftracker.openbittorrent.com%3A6969%2Fannounce&tr=udp%3A%2F%2Ftracker.openbittorrent.com%3A80%2Fannounce&tr=udp%3A%2F%2Fexodus.desync.com%3A6969%2Fannounce&tr=udp%3A%2F%2Ftracker.theoks.net%3A6969%2Fannounce&tr=https%3A%2F%2Ftracker.tamersunion.org%3A443%2Fannounce&tr=http%3A%2F%2Fopen.acgnxtracker.com%3A80%2Fannounce&tr=http%3A%2F%2Fopen.acgtracker.com%3A1096%2Fannounce&tr=http%3A%2F%2Ftracker.bt4g.com%3A2095%2Fannounce&tr=udp%3A%2F%2Ftracker.opentrackr.org%3A1337%2Fannounce&tr=http%3A%2F%2Ftracker.openbittorrent.com%3A80%2Fannounce&tr=udp%3A%2F%2Fopentracker.i2p.rocks%3A6969%2Fannounce&tr=udp%3A%2F%2Ftracker.internetwarriors.net%3A1337%2Fannounce&tr=udp%3A%2F%2Ftracker.leechers-paradise.org%3A6969%2Fannounce&tr=udp%3A%2F%2Fcoppersurfer.tk%3A6969%2Fannounce&tr=udp%3A%2F%2Ftracker.zer0day.to%3A1337%2Fannounce
Aeronautica Imperialis: Flight Command – v1.2.2 + Skulls Pack DLC,1.6,magnet:?xt=urn:btih:7B010B0B8672FF661DD38C7B3BC6551F58EAF564
AETHERIS – v1.0.1 + Bonus Soundtrack,1.6,magnet:?xt=urn:btih:C3A553752EC0A9E6DBFFEBA9A156E14A297353A8&dn=AETHERIS+%28v1.0.1+%2B+Bonus+Soundtrack%2C+ENG%2FFRA%29+%5BFitGirl+Repack%2C+Selective+Download+-+from+1.4+GB%5D&tr=udp%3A%2F%2Fopentracker.i2p.rocks%3A6969%2Fannounce&tr=http%3A%2F%2Ftracker.gbitt.info%3A80%2Fannounce&tr=http%3A%2F%2Ftracker.ccp.ovh%3A6969%2Fannounce&tr=udp%3A%2F%2Ftracker.ccp.ovh%3A6969%2Fannounce&tr=udp%3A%2F%2Ftracker.torrent.eu.org%3A451%2Fannounce&tr=udp%3A%2F%2Ftracker.torrent.eu.org%3A451%2Fannounce&tr=udp%3A%2F%2Ftracker.openbittorrent.com%3A6969%2Fannounce&tr=udp%3A%2F%2Ftracker.openbittorrent.com%3A80%2Fannounce&tr=udp%3A%2F%2Fexodus.desync.com%3A6969%2Fannounce&tr=udp%3A%2F%2Ftracker.theoks.net%3A6969%2Fannounce&tr=https%3A%2F%2Ftracker.tamersunion.org%3A443%2Fannounce&tr=http%3A%2F%2Fopen.acgnxtracker.com%3A80%2Fannounce&tr=http%3A%2F%2Fopen.acgtracker.com%3A1096%2Fannounce&tr=http%3A%2F%2Ftracker.bt4g.com%3A2095%2Fannounce&tr=udp%3A%2F%2Ftracker.opentrackr.org%3A1337%2Fannounce&tr=http%3A%2F%2Ftracker.openbittorrent.com%3A80%2Fannounce&tr=udp%3A%2F%2Fopentracker.i2p.rocks%3A6969%2Fannounce&tr=udp%3A%2F%2Ftracker.internetwarriors.net%3A1337%2Fannounce&tr=udp%3A%2F%2Ftracker.leechers-paradise.org%3A6969%2Fannounce&tr=udp%3A%2F%2Fcoppersurfer.tk%3A6969%2Fannounce&tr=udp%3A%2F%2Ftracker.zer0day.to%3A1337%2Fannounce
Against the Storm – v1.1.10 + Supporter Pack DLC,1.6,magnet:?xt=urn:btih:D95595ED604ED75F283A650F9ADBBAED8AE63807&dn=Against+the+Storm+%28v1.1.10+%2B+Supporter+Pack+DLC%2C+MULTi17%29+%5BFitGirl+Repack%2C+Selective+Download+-+from+1.3+GB%5D&tr=udp%3A%2F%2Fopentor.net%3A6969&tr=udp%3A%2F%2Fopentracker.i2p.rocks%3A6969%2Fannounce&tr=http%3A%2F%2Ftracker.gbitt.info%3A80%2Fannounce&tr=http%3A%2F%2Ftracker.ccp.ovh%3A6969%2Fannounce&tr=udp%3A%2F%2Ftracker.ccp.ovh%3A6969%2Fannounce&tr=udp%3A%2F%2Ftracker.torrent.eu.org%3A451%2Fannounce&tr=udp%3A%2F%2Ftracker.torrent.eu.org%3A451%2Fannounce&tr=udp%3A%2F%2Ftracker.openbittorrent.com%3A6969%2Fannounce&tr=udp%3A%2F%2Ftracker.openbittorrent.com%3A80%2Fannounce&tr=udp%3A%2F%2Fexodus.desync.com%3A6969%2Fannounce&tr=udp%3A%2F%2Ftracker.theoks.net%3A6969%2Fannounce&tr=https%3A%2F%2Ftracker.tamersunion.org%3A443%2Fannounce&tr=http%3A%2F%2Fopen.acgnxtracker.com%3A80%2Fannounce&tr=http%3A%2F%2Fopen.acgtracker.com%3A1096%2Fannounce&tr=udp%3A%2F%2Ftracker.opentrackr.org%3A1337%2Fannounce&tr=http%3A%2F%2Ftracker.openbittorrent.com%3A80%2Fannounce&tr=udp%3A%2F%2Fopentracker.i2p.rocks%3A6969%2Fannounce&tr=udp%3A%2F%2Ftracker.internetwarriors.net%3A1337%2Fannounce&tr=udp%3A%2F%2Ftracker.leechers-paradise.org%3A6969%2Fannounce&tr=udp%3A%2F%2Fcoppersurfer.tk%3A6969%2Fannounce&tr=udp%3A%2F%2Ftracker.zer0day.to%3A1337%2Fannounce
9 Childs Street,1.7,magnet:?xt=urn:btih:CE27188D3E3D4855F098D8C20171C485825D5266&dn=9+Childs+Street+%28ENG%2FRUS%29+%5BFitGirl+Repack%5D&tr=udp%3A%2F%2Fopentor.net%3A6969&tr=udp%3A%2F%2Fopentor.org%3A2710&tr=udp%3A%2F%2Ftracker.opentrackr.org%3A1337%2Fannounce&tr=http%3A%2F%2Ftracker.dler.org%3A6969%2Fannounce&tr=udp%3A%2F%2Fexodus.desync.com%3A6969%2Fannounce&tr=udp%3A%2F%2Fipv4.tracker.harry.lu%3A80%2Fannounce&tr=udp%3A%2F%2Fopen.stealth.si%3A80%2Fannounce&tr=udp%3A%2F%2Fretracker.lanta-net.ru%3A2710%2Fannounce&tr=udp%3A%2F%2Ftracker.cyberia.is%3A6969%2Fannounce&tr=udp%3A%2F%2Ftracker.moeking.me%3A6969%2Fannounce&tr=udp%3A%2F%2Ftracker.tiny-vps.com%3A6969%2Fannounce&tr=udp%3A%2F%2Ftracker.torrent.eu.org%3A451%2Fannounce&tr=udp%3A%2F%2Ftracker.openbittorrent.com%3A80%2Fannounce&tr=udp%3A%2F%2Fexodus.desync.com%3A6969%2Fannounce&tr=udp%3A%2F%2Ftracker.opentrackr.org%3A1337%2Fannounce&tr=http%3A%2F%2Ftracker.openbittorrent.com%3A80%2Fannounce&tr=udp%3A%2F%2Fopentracker.i2p.rocks%3A6969%2Fannounce&tr=udp%3A%2F%2Ftracker.internetwarriors.net%3A1337%2Fannounce&tr=udp%3A%2F%2Ftracker.leechers-paradise.org%3A6969%2Fannounce&tr=udp%3A%2F%2Fcoppersurfer.tk%3A6969%2Fannounce&tr=udp%3A%2F%2Ftracker.zer0day.to%3A1337%2Fannounce
Afro Samurai 2: Revenge of Kuma – Volume 1,1.7,magnet:?xt=urn:btih:F8BE44AD73B41F9FAD03B90D7EBB0C535B96ADCB
A Little to the Left: Extra Tidy Bundle – v3.0.14 + 2 DLCs,1.8,magnet:?xt=urn:btih:ECAC16C49856DD11B7D2914A52BFB59A54158E79&dn=A+Little+to+the+Left%3A+Extra+Tidy+Bundle+%28v3.0.14+%2B+2+DLCs%2C+MULTi11%29+%5BFitGirl+Repack%5D&tr=udp%3A%2F%2Fopentracker.i2p.rocks%3A6969%2Fannounce&tr=http%3A%2F%2Ftracker.gbitt.info%3A80%2Fannounce&tr=http%3A%2F%2Ftracker.ccp.ovh%3A6969%2Fannounce&tr=udp%3A%2F%2Ftracker.ccp.ovh%3A6969%2Fannounce&tr=udp%3A%2F%2Ftracker.torrent.eu.org%3A451%2Fannounce&tr=udp%3A%2F%2Ftracker.torrent.eu.org%3A451%2Fannounce&tr=udp%3A%2F%2Ftracker.openbittorrent.com%3A6969%2Fannounce&tr=udp%3A%2F%2Ftracker.openbittorrent.com%3A80%2Fannounce&tr=udp%3A%2F%2Fexodus.desync.com%3A6969%2Fannounce&tr=udp%3A%2F%2Ftracker.theoks.net%3A6969%2Fannounce&tr=https%3A%2F%2Ftracker.tamersunion.org%3A443%2Fannounce&tr=http%3A%2F%2Fopen.acgnxtracker.com%3A80%2Fannounce&tr=http%3A%2F%2Fopen.acgtracker.com%3A1096%2Fannounce&tr=http%3A%2F%2Ftracker.bt4g.com%3A2095%2Fannounce&tr=udp%3A%2F%2Ftracker.opentrackr.org%3A1337%2Fannounce&tr=http%3A%2F%2Ftracker.openbittorrent.com%3A80%2Fannounce&tr=udp%3A%2F%2Fopentracker.i2p.rocks%3A6969%2Fannounce&tr=udp%3A%2F%2Ftracker.internetwarriors.net%3A1337%2Fannounce&tr=udp%3A%2F%2Ftracker.leechers-paradise.org%3A6969%2Fannounce&tr=udp%3A%2F%2Fcoppersurfer.tk%3A6969%2Fannounce&tr=udp%3A%2F%2Ftracker.zer0day.to%3A1337%2Fannounce
35MM v1.1,2.0,magnet:?xt=urn:btih:14C15B26EDDE875A44355D3D75ABF6992433F711
Aefen Fall,2.1,magnet:?xt=urn:btih:D243CA55DC4B848F9877169DEE37C9619784C933
#BLUD,2.2,magnet:?xt=urn:btih:80E4609CE4FB95C094BD54A8A8E77CC4319CF8D4&dn=%23BLUD+%28MULTi8%29+%5BFitGirl+Repack%5D&tr=udp%3A%2F%2Fopentracker.i2p.rocks%3A6969%2Fannounce&tr=http%3A%2F%2Ftracker.gbitt.info%3A80%2Fannounce&tr=http%3A%2F%2Ftracker.ccp.ovh%3A6969%2Fannounce&tr=udp%3A%2F%2Ftracker.ccp.ovh%3A6969%2Fannounce&tr=udp%3A%2F%2Ftracker.torrent.eu.org%3A451%2Fannounce&tr=udp%3A%2F%2Ftracker.torrent.eu.org%3A451%2Fannounce&tr=udp%3A%2F%2Ftracker.openbittorrent.com%3A6969%2Fannounce&tr=udp%3A%2F%2Ftracker.openbittorrent.com%3A80%2Fannounce&tr=udp%3A%2F%2Fexodus.desync.com%3A6969%2Fannounce&tr=udp%3A%2F%2Ftracker.theoks.net%3A6969%2Fannounce&tr=https%3A%2F%2Ftracker.tamersunion.org%3A443%2Fannounce&tr=http%3A%2F%2Fopen.acgnxtracker.com%3A80%2Fannounce&tr=http%3A%2F%2Fopen.acgtracker.com%3A1096%2Fannounce&tr=http%3A%2F%2Ftracker.bt4g.com%3A2095%2Fannounce&tr=udp%3A%2F%2Ftracker.opentrackr.org%3A1337%2Fannounce&tr=http%3A%2F%2Ftracker.openbittorrent.com%3A80%2Fannounce&tr=udp%3A%2F%2Fopentracker.i2p.rocks%3A6969%2Fannounce&tr=udp%3A%2F%2Ftracker.internetwarriors.net%3A1337%2Fannounce&tr=udp%3A%2F%2Ftracker.leechers-paradise.org%3A6969%2Fannounce&tr=udp%3A%2F%2Fcoppersurfer.tk%3A6969%2Fannounce&tr=udp%3A%2F%2Ftracker.zer0day.to%3A1337%2Fannounce
1917: The Prologue,2.2,magnet:?xt=urn:btih:D3ECBCAC2F9FA57AA8912518978360C1AB2B1626
9 Monkeys of Shaolin + Update 2,2.3,magnet:?xt=urn:btih:B4AAD94065A38F94938D41285FA7085D25FD70A8
A Tale of Paper: Refolded – Digital Deluxe Edition + Bonus OST,2.3,magnet:?xt=urn:btih:E8E57B7771B39C48E5E9601E4AFA0DC856170A53&dn=A+Tale+of+Paper%3A+Refolded+-+Digital+Deluxe+Edition+%28%2B+Bonus+OST%2C+MULTi7%29+%5BFitGirl+Repack%2C+Selective+Download+-+from+2.2+GB%5D&tr=udp%3A%2F%2Fopentor.org%3A2710&tr=udp%3A%2F%2Ftracker.opentrackr.org%3A1337%2Fannounce&tr=http%3A%2F%2Ftracker.dler.org%3A6969%2Fannounce&tr=udp%3A%2F%2Fexodus.desync.com%3A6969%2Fannounce&tr=udp%3A%2F%2Fipv4.tracker.harry.lu%3A80%2Fannounce&tr=udp%3A%2F%2Fopen.stealth.si%3A80%2Fannounce&tr=udp%3A%2F%2Fretracker.lanta-net.ru%3A2710%2Fannounce&tr=udp%3A%2F%2Ftracker.cyberia.is%3A6969%2Fannounce&tr=udp%3A%2F%2Ftracker.moeking.me%3A6969%2Fannounce&tr=udp%3A%2F%2Ftracker.tiny-vps.com%3A6969%2Fannounce&tr=udp%3A%2F%2Ftracker.torrent.eu.org%3A451%2Fannounce&tr=udp%3A%2F%2Fopentor.net%3A6969&tr=udp%3A%2F%2Ftracker.openbittorrent.com%3A80%2Fannounce&tr=udp%3A%2F%2Fexodus.desync.com%3A6969%2Fannounce&tr=udp%3A%2F%2Ftracker.opentrackr.org%3A1337%2Fannounce&tr=http%3A%2F%2Ftracker.openbittorrent.com%3A80%2Fannounce&tr=udp%3A%2F%2Fopentracker.i2p.rocks%3A6969%2Fannounce&tr=udp%3A%2F%2Ftracker.internetwarriors.net%3A1337%2Fannounce&tr=udp%3A%2F%2Ftracker.leechers-paradise.org%3A6969%2Fannounce&tr=udp%3A%2F%2Fcoppersurfer.tk%3A6969%2Fannounce&tr=udp%3A%2F%2Ftracker.zer0day.to%3A1337%2Fannounce
"Afterimage: Deluxe Edition, Build 11588597 (Trial of Soul Update) + Bonus Content",2.4,magnet:?xt=urn:btih:1B205710B82AA0334C3EF99A4B370641A81DFDF4&dn=Afterimage%3A+Deluxe+Edition+%28Build+11588597%2FTrial+of+Soul+Update+%2B+Bonus+Content%2C+MULTi11%29+%5BFitGirl+Repack%2C+Selective+Download+-+from+2.4+GB%5D&tr=udp%3A%2F%2Fopentor.net%3A6969&tr=udp%3A%2F%2Fopentor.org%3A2710&tr=udp%3A%2F%2F9.rarbg.me%3A2730%2Fannounce&tr=udp%3A%2F%2F9.rarbg.me%3A2770%2Fannounce&tr=udp%3A%2F%2F9.rarbg.to%3A2720%2Fannounce&tr=udp%3A%2F%2F9.rarbg.to%3A2730%2Fannounce&tr=udp%3A%2F%2F9.rarbg.to%3A2770%2Fannounce&tr=udp%3A%2F%2Fopentracker.i2p.rocks%3A6969%2Fannounce&tr=udp%3A%2F%2Ftracker.torrent.eu.org%3A451%2Fannounce&tr=https%3A%2F%2Ftracker.tamersunion.org%3A443%2Fannounce&tr=udp%3A%2F%2Fexodus.desync.com%3A6969%2Fannounce&tr=udp%3A%2F%2Ftracker.torrent.eu.org%3A451%2Fannounce&tr=http%3A%2F%2Ftracker.gbitt.info%3A80%2Fannounce&tr=http%3A%2F%2Ftracker.ccp.ovh%3A6969%2Fannounce&tr=udp%3A%2F%2Ftracker.opentrackr.org%3A1337%2Fannounce&tr=http%3A%2F%2Ftracker.openbittorrent.com%3A80%2Fannounce&tr=udp%3A%2F%2Fopentracker.i2p.rocks%3A6969%2Fannounce&tr=udp%3A%2F%2Ftracker.internetwarriors.net%3A1337%2Fannounce&tr=udp%3A%2F%2Ftracker.leechers-paradise.org%3A6969%2Fannounce&tr=udp%3A%2F%2Fcoppersurfer.tk%3A6969%2Fannounce&tr=udp%3A%2F%2Ftracker.zer0day.to%3A1337%2Fannounce
A House of Thieves – v1.5 (Anniversary Update),2.6,magnet:?xt=urn:btih:609AC9360FDA1400D5A9F5ECAAEFDD53860DA24E&dn=A+House+of+Thieves+%28v1.5%2FAnniversary+Update%2C+MULTi9%29+%5BFitGirl+Repack%5D&tr=udp%3A%2F%2F46.148.18.250%3A2710&tr=udp%3A%2F%2Fopentor.org%3A2710&tr=udp%3A%2F%2Ftracker.coppersurfer.tk%3A6969%2Fannounce&tr=udp%3A%2F%2Ftracker.opentrackr.org%3A1337%2Fannounce&tr=http%3A%2F%2Ftracker.dler.org%3A6969%2Fannounce&tr=udp%3A%2F%2Ftracker.leechers-paradise.org%3A6969%2Fannounce&tr=udp%3A%2F%2F9.rarbg.me%3A2730%2Fannounce&tr=udp%3A%2F%2F9.rarbg.to%3A2770%2Fannounce&tr=udp%3A%2F%2Ftracker.pirateparty.gr%3A6969%2Fannounce&tr=http%3A%2F%2Fretracker.local%2Fannounce&tr=http%3A%2F%2Fretracker.ip.ncnet.ru%2Fannounce&tr=udp%3A%2F%2Fexodus.desync.com%3A6969%2Fannounce&tr=udp%3A%2F%2Fipv4.tracker.harry.lu%3A80%2Fannounce&tr=udp%3A%2F%2Fopen.stealth.si%3A80%2Fannounce&tr=udp%3A%2F%2Ftracker.zer0day.to%3A1337%2Fannounce&tr=udp%3A%2F%2Ftracker.leechers-paradise.org%3A6969%2Fannounce&tr=udp%3A%2F%2Fcoppersurfer.tk%3A6969%2Fannounce
A Whisper in the Twilight: Chapter One,2.6,magnet:?xt=urn:btih:91ACBACA227D415444AC413B40055C5242A7F97B&dn=A+Whisper+in+the+Twilight%3A+Chapter+One+%5BFitGirl+Repack%5D&tr=udp%3A%2F%2Fopentor.net%3A6969&tr=udp%3A%2F%2Fopentor.org%3A2710&tr=udp%3A%2F%2F9.rarbg.me%3A2730%2Fannounce&tr=udp%3A%2F%2F9.rarbg.me%3A2770%2Fannounce&tr=udp%3A%2F%2F9.rarbg.to%3A2720%2Fannounce&tr=udp%3A%2F%2F9.rarbg.to%3A2730%2Fannounce&tr=udp%3A%2F%2F9.rarbg.to%3A2770%2Fannounce&tr=udp%3A%2F%2Fopentracker.i2p.rocks%3A6969%2Fannounce&tr=udp%3A%2F%2Ftracker.torrent.eu.org%3A451%2Fannounce&tr=https%3A%2F%2Ftracker.tamersunion.org%3A443%2Fannounce&tr=udp%3A%2F%2Fexodus.desync.com%3A6969%2Fannounce&tr=udp%3A%2F%2Ftracker.torrent.eu.org%3A451%2Fannounce&tr=http%3A%2F%2Ftracker.gbitt.info%3A80%2Fannounce&tr=http%3A%2F%2Ftracker.ccp.ovh%3A6969%2Fannounce&tr=udp%3A%2F%2Ftracker.opentrackr.org%3A1337%2Fannounce&tr=http%3A%2F%2Ftracker.openbittorrent.com%3A80%2Fannounce&tr=udp%3A%2F%2Fopentracker.i2p.rocks%3A6969%2Fannounce&tr=udp%3A%2F%2Ftracker.internetwarriors.net%3A1337%2Fannounce&tr=udp%3A%2F%2Ftracker.leechers-paradise.org%3A6969%2Fannounce&tr=udp%3A%2F%2Fcoppersurfer.tk%3A6969%2Fannounce&tr=udp%3A%2F%2Ftracker.zer0day.to%3A1337%2Fannounce
Aeterna Noctis – v3.0.000 + Virtuoso DLC,2.6,magnet:?xt=urn:btih:8FB7A02D65B03C6EDB80907F693D3E39915529AE&dn=Aeterna+Noctis+%28v3.0.000+%2B+Virtuoso+DLC%2C+MULTi8%29+%5BFitGirl+Repack%5D&tr=udp%3A%2F%2Fopentor.net%3A6969&tr=udp%3A%2F%2Fopentracker.i2p.rocks%3A6969%2Fannounce&tr=http%3A%2F%2Ftracker.gbitt.info%3A80%2Fannounce&tr=http%3A%2F%2Ftracker.ccp.ovh%3A6969%2Fannounce&tr=udp%3A%2F%2Ftracker.ccp.ovh%3A6969%2Fannounce&tr=udp%3A%2F%2Ftracker.torrent.eu.org%3A451%2Fannounce&tr=udp%3A%2F%2Ftracker.torrent.eu.org%3A451%2Fannounce&tr=udp%3A%2F%2Ftracker.openbittorrent.com%3A6969%2Fannounce&tr=udp%3A%2F%2Ftracker.openbittorrent.com%3A80%2Fannounce&tr=udp%3A%2F%2Fexodus.desync.com%3A6969%2Fannounce&tr=udp%3A%2F%2Ftracker.theoks.net%3A6969%2Fannounce&tr=https%3A%2F%2Ftracker.tamersunion.org%3A443%2Fannounce&tr=http%3A%2F%2Fopen.acgnxtracker.com%3A80%2Fannounce&tr=http%3A%2F%2Fopen.acgtracker.com%3A1096%2Fannounce&tr=udp%3A%2F%2Ftracker.opentrackr.org%3A1337%2Fannounce&tr=http%3A%2F%2Ftracker.openbittorrent.com%3A80%2Fannounce&tr=udp%3A%2F%2Fopentracker.i2p.rocks%3A6969%2Fannounce&tr=udp%3A%2F%2Ftracker.internetwarriors.net%3A1337%2Fannounce&tr=udp%3A%2F%2Ftracker.leechers-paradise.org%3A6969%2Fannounce&tr=udp%3A%2F%2Fcoppersurfer.tk%3A6969%2Fannounce&tr=udp%3A%2F%2Ftracker.zer0day.to%3A1337%2Fannounce
A Night in Prison,2.7,magnet:?xt=urn:btih:0B3CF03D721E63968296CCA09054DE38D7F579BA&dn=A+Night+in+Prison+%5BFitGirl+Repack%5D&tr=http%3A%2F%2Ftracker.gbitt.info%3A80%2Fannounce&tr=udp%3A%2F%2Fopentracker.i2p.rocks%3A6969%2Fannounce&tr=http%3A%2F%2Ftracker.ccp.ovh%3A6969%2Fannounce&tr=udp%3A%2F%2Ftracker.ccp.ovh%3A6969%2Fannounce&tr=udp%3A%2F%2Ftracker.torrent.eu.org%3A451%2Fannounce&tr=udp%3A%2F%2Ftracker.torrent.eu.org%3A451%2Fannounce&tr=udp%3A%2F%2Ftracker.openbittorrent.com%3A6969%2Fannounce&tr=udp%3A%2F%2Ftracker.openbittorrent.com%3A80%2Fannounce&tr=udp%3A%2F%2Fexodus.desync.com%3A6969%2Fannounce&tr=udp%3A%2F%2Ftracker.theoks.net%3A6969%2Fannounce&tr=https%3A%2F%2Ftracker.tamersunion.org%3A443%2Fannounce&tr=http%3A%2F%2Fopen.acgnxtracker.com%3A80%2Fannounce&tr=http%3A%2F%2Fopen.acgtracker.com%3A1096%2Fannounce&tr=http%3A%2F%2Ftracker.bt4g.com%3A2095%2Fannounce&tr=udp%3A%2F%2Ftracker.opentrackr.org%3A1337%2Fannounce&tr=http%3A%2F%2Ftracker.openbittorrent.com%3A80%2Fannounce&tr=udp%3A%2F%2Fopentracker.i2p.rocks%3A6969%2Fannounce&tr=udp%3A%2F%2Ftracker.internetwarriors.net%3A1337%2Fannounce&tr=udp%3A%2F%2Ftracker.leechers-paradise.org%3A6969%2Fannounce&tr=udp%3A%2F%2Fcoppersurfer.tk%3A6969%2Fannounce&tr=udp%3A%2F%2Ftracker.zer0day.to%3A1337%2Fannounce
Abandoned World,2.7,magnet:?xt=urn:btih:2E8B41EB1742C2582A6676A198FA0467117A223F&dn=Abandoned+World+%5BFitGirl+Repack%5D&tr=udp%3A%2F%2Fopentor.net%3A6969&tr=udp%3A%2F%2Fopentor.org%3A2710&tr=udp%3A%2F%2F9.rarbg.me%3A2730%2Fannounce&tr=udp%3A%2F%2F9.rarbg.me%3A2770%2Fannounce&tr=udp%3A%2F%2F9.rarbg.to%3A2720%2Fannounce&tr=udp%3A%2F%2F9.rarbg.to%3A2730%2Fannounce&tr=udp%3A%2F%2F9.rarbg.to%3A2770%2Fannounce&tr=udp%3A%2F%2Fopentracker.i2p.rocks%3A6969%2Fannounce&tr=udp%3A%2F%2Ftracker.torrent.eu.org%3A451%2Fannounce&tr=https%3A%2F%2Ftracker.tamersunion.org%3A443%2Fannounce&tr=udp%3A%2F%2Fexodus.desync.com%3A6969%2Fannounce&tr=udp%3A%2F%2Ftracker.torrent.eu.org%3A451%2Fannounce&tr=http%3A%2F%2Ftracker.gbitt.info%3A80%2Fannounce&tr=http%3A%2F%2Ftracker.ccp.ovh%3A6969%2Fannounce&tr=udp%3A%2F%2Ftracker.opentrackr.org%3A1337%2Fannounce&tr=http%3A%2F%2Ftracker.openbittorrent.com%3A80%2Fannounce&tr=udp%3A%2F%2Fopentracker.i2p.rocks%3A6969%2Fannounce&tr=udp%3A%2F%2Ftracker.internetwarriors.net%3A1337%2Fannounce&tr=udp%3A%2F%2Ftracker.leechers-paradise.org%3A6969%2Fannounce&tr=udp%3A%2F%2Fcoppersurfer.tk%3A6969%2Fannounce&tr=udp%3A%2F%2Ftracker.zer0day.to%3A1337%2Fannounce
Abandon Ship – v1.0.13298,2.9,magnet:?xt=urn:btih:9A04B14A1FC7DC90A6B07CD97691215B3AD44F8E
Adeptus Titanicus: Dominus,2.9,magnet:?xt=urn:btih:E60A4811D1504F67BA87BA0D79BEED60DDF7DBC9&dn=Adeptus+Titanicus%3A+Dominus+%28MULTi4%29+%5BFitGirl+Repack%5D&tr=udp%3A%2F%2F46.148.18.250%3A2710&tr=udp%3A%2F%2Fopentor.org%3A2710&tr=udp%3A%2F%2Ftracker.coppersurfer.tk%3A6969%2Fannounce&tr=udp%3A%2F%2Ftracker.opentrackr.org%3A1337%2Fannounce&tr=http%3A%2F%2Ftracker.dler.org%3A6969%2Fannounce&tr=udp%3A%2F%2Ftracker.leechers-paradise.org%3A6969%2Fannounce&tr=udp%3A%2F%2F9.rarbg.me%3A2730%2Fannounce&tr=udp%3A%2F%2F9.rarbg.to%3A2770%2Fannounce&tr=udp%3A%2F%2Ftracker.pirateparty.gr%3A6969%2Fannounce&tr=http%3A%2F%2Fretracker.local%2Fannounce&tr=http%3A%2F%2Fretracker.ip.ncnet.ru%2Fannounce&tr=udp%3A%2F%2Fexodus.desync.com%3A6969%2Fannounce&tr=udp%3A%2F%2Fipv4.tracker.harry.lu%3A80%2Fannounce&tr=udp%3A%2F%2Fopen.stealth.si%3A80%2Fannounce&tr=udp%3A%2F%2Ftracker.zer0day.to%3A1337%2Fannounce&tr=udp%3A%2F%2Ftracker.leechers-paradise.org%3A6969%2Fannounce&tr=udp%3A%2F%2Fcoppersurfer.tk%3A6969%2Fannounce
ACL Pro Cornhole – v1.0.18,3.0,magnet:?xt=urn:btih:9B0558C72B7EAA21EA2EC558BEB8853BF097C551&dn=ACL+Pro+Cornhole+%28v1.0.18%29+%5BFitGirl+Repack%5D&tr=udp%3A%2F%2Fopentor.net%3A6969&tr=udp%3A%2F%2Fopentor.org%3A2710&tr=udp%3A%2F%2F9.rarbg.me%3A2730%2Fannounce&tr=udp%3A%2F%2F9.rarbg.me%3A2770%2Fannounce&tr=udp%3A%2F%2F9.rarbg.to%3A2720%2Fannounce&tr=udp%3A%2F%2F9.rarbg.to%3A2730%2Fannounce&tr=udp%3A%2F%2F9.rarbg.to%3A2770%2Fannounce&tr=udp%3A%2F%2Fopentracker.i2p.rocks%3A6969%2Fannounce&tr=udp%3A%2F%2Ftracker.torrent.eu.org%3A451%2Fannounce&tr=https%3A%2F%2Ftracker.tamersunion.org%3A443%2Fannounce&tr=udp%3A%2F%2Fexodus.desync.com%3A6969%2Fannounce&tr=udp%3A%2F%2Ftracker.torrent.eu.org%3A451%2Fannounce&tr=http%3A%2F%2Ftracker.gbitt.info%3A80%2Fannounce&tr=http%3A%2F%2Ftracker.ccp.ovh%3A6969%2Fannounce&tr=udp%3A%2F%2Ftracker.opentrackr.org%3A1337%2Fannounce&tr=http%3A%2F%2Ftracker.openbittorrent.com%3A80%2Fannounce&tr=udp%3A%2F%2Fopentracker.i2p.rocks%3A6969%2Fannounce&tr=udp%3A%2F%2Ftracker.internetwarriors.net%3A1337%2Fannounce&tr=udp%3A%2F%2Ftracker.leechers-paradise.org%3A6969%2Fannounce&tr=udp%3A%2F%2Fcoppersurfer.tk%3A6969%2Fannounce&tr=udp%3A%2F%2Ftracker.zer0day.to%3A1337%2Fannounce
11F + Windows 7 Fix,3.1,magnet:?xt=urn:btih:B30B237F6B231202EF283795F80DC7A447501F54&dn=11F+%28%2B+Windows+7+Fix%2C+MULTi6%29+%5BFitGirl+Repack%5D&tr=udp%3A%2F%2Fopentor.net%3A6969&tr=udp%3A%2F%2Fopentracker.i2p.rocks%3A6969%2Fannounce&tr=http%3A%2F%2Ftracker.gbitt.info%3A80%2Fannounce&tr=http%3A%2F%2Ftracker.ccp.ovh%3A6969%2Fannounce&tr=udp%3A%2F%2Ftracker.ccp.ovh%3A6969%2Fannounce&tr=udp%3A%2F%2Ftracker.torrent.eu.org%3A451%2Fannounce&tr=udp%3A%2F%2Ftracker.torrent.eu.org%3A451%2Fannounce&tr=udp%3A%2F%2Ftracker.openbittorrent.com%3A6969%2Fannounce&tr=udp%3A%2F%2Ftracker.openbittorrent.com%3A80%2Fannounce&tr=udp%3A%2F%2Fexodus.desync.com%3A6969%2Fannounce&tr=udp%3A%2F%2Ftracker.theoks.net%3A6969%2Fannounce&tr=https%3A%2F%2Ftracker.tamersunion.org%3A443%2Fannounce&tr=http%3A%2F%2Fopen.acgnxtracker.com%3A80%2Fannounce&tr=http%3A%2F%2Fopen.acgtracker.com%3A1096%2Fannounce&tr=udp%3A%2F%2Ftracker.opentrackr.org%3A1337%2Fannounce&tr=http%3A%2F%2Ftracker.openbittorrent.com%3A80%2Fannounce&tr=udp%3A%2F%2Fopentracker.i2p.rocks%3A6969%2Fannounce&tr=udp%3A%2F%2Ftracker.internetwarriors.net%3A1337%2Fannounce&tr=udp%3A%2F%2Ftracker.leechers-paradise.org%3A6969%2Fannounce&tr=udp%3A%2F%2Fcoppersurfer.tk%3A6969%2Fannounce&tr=udp%3A%2F%2Ftracker.zer0day.to%3A1337%2Fannounce
Adam’s Venture: Origins – Special Edition,3.1,magnet:?xt=urn:btih:5ACF76F4D328C8C377C1BC692DE399CFB7F3DB6D
Afterthought,3.1,magnet:?xt=urn:btih:B9E3442F1F42512DAA1F68C5728EBE7D26D04E79&dn=Afterthought+%28ENG%2FGER%29+%5BFitGirl+Repack%5D&tr=udp%3A%2F%2Fopentor.org%3A2710&tr=udp%3A%2F%2Ftracker.opentrackr.org%3A1337%2Fannounce&tr=http%3A%2F%2Ftracker.dler.org%3A6969%2Fannounce&tr=udp%3A%2F%2Fexodus.desync.com%3A6969%2Fannounce&tr=udp%3A%2F%2Fipv4.tracker.harry.lu%3A80%2Fannounce&tr=udp%3A%2F%2Fopen.stealth.si%3A80%2Fannounce&tr=udp%3A%2F%2Fretracker.lanta-net.ru%3A2710%2Fannounce&tr=udp%3A%2F%2Ftracker.cyberia.is%3A6969%2Fannounce&tr=udp%3A%2F%2Ftracker.moeking.me%3A6969%2Fannounce&tr=udp%3A%2F%2Ftracker.tiny-vps.com%3A6969%2Fannounce&tr=udp%3A%2F%2Ftracker.torrent.eu.org%3A451%2Fannounce&tr=udp%3A%2F%2Fopentor.net%3A6969&tr=udp%3A%2F%2Ftracker.openbittorrent.com%3A80%2Fannounce&tr=udp%3A%2F%2Fexodus.desync.com%3A6969%2Fannounce&tr=udp%3A%2F%2Ftracker.opentrackr.org%3A1337%2Fannounce&tr=http%3A%2F%2Ftracker.openbittorrent.com%3A80%2Fannounce&tr=udp%3A%2F%2Fopentracker.i2p.rocks%3A6969%2Fannounce&tr=udp%3A%2F%2Ftracker.internetwarriors.net%3A1337%2Fannounce&tr=udp%3A%2F%2Ftracker.leechers-paradise.org%3A6969%2Fannounce&tr=udp%3A%2F%2Fcoppersurfer.tk%3A6969%2Fannounce&tr=udp%3A%2F%2Ftracker.zer0day.to%3A1337%2Fannounce
Aethernaut – v1.00.02s,3.3,magnet:?xt=urn:btih:C41C77A264DA9BF6B31CDE8B4B54D4B770815D44&dn=Aethernaut+%28v1.00.02s%2C+ENG%2FFRA%29+%5BFitGirl+Repack%5D&tr=udp%3A%2F%2F46.148.18.250%3A2710&tr=udp%3A%2F%2Fopentor.org%3A2710&tr=udp%3A%2F%2Ftracker.coppersurfer.tk%3A6969%2Fannounce&tr=udp%3A%2F%2Ftracker.opentrackr.org%3A1337%2Fannounce&tr=http%3A%2F%2Ftracker.dler.org%3A6969%2Fannounce&tr=udp%3A%2F%2Ftracker.leechers-paradise.org%3A6969%2Fannounce&tr=udp%3A%2F%2F9.rarbg.me%3A2730%2Fannounce&tr=udp%3A%2F%2F9.rarbg.to%3A2770%2Fannounce&tr=udp%3A%2F%2Ftracker.pirateparty.gr%3A6969%2Fannounce&tr=http%3A%2F%2Fretracker.local%2Fannounce&tr=http%3A%2F%2Fretracker.ip.ncnet.ru%2Fannounce&tr=udp%3A%2F%2Fexodus.desync.com%3A6969%2Fannounce&tr=udp%3A%2F%2Fipv4.tracker.harry.lu%3A80%2Fannounce&tr=udp%3A%2F%2Fopen.stealth.si%3A80%2Fannounce&tr=udp%3A%2F%2Ftracker.opentrackr.org%3A1337%2Fannounce&tr=http%3A%2F%2Ftracker.openbittorrent.com%3A80%2Fannounce&tr=udp%3A%2F%2Fopentracker.i2p.rocks%3A6969%2Fannounce&tr=udp%3A%2F%2Ftracker.internetwarriors.net%3A1337%2Fannounce&tr=udp%3A%2F%2Ftracker.leechers-paradise.org%3A6969%2Fannounce&tr=udp%3A%2F%2Fcoppersurfer.tk%3A6969%2Fannounce&tr=udp%3A%2F%2Ftracker.zer0day.to%3A1337%2Fannounce
"13 Sentinels: Aegis Rim, v1.10 + Yuzu/Ryujinx Emus for PC",3.4,magnet:?xt=urn:btih:7406499F884D90897B542992ABDC4833A50A8E35&dn=13+Sentinels%3A+Aegis+Rim+%28v1.10+%2B+Yuzu%2FRyujinx+Emus+for+PC%2C+MULTi5%29+%5BFitGirl+Repack%5D&tr=udp%3A%2F%2F46.148.18.250%3A2710&tr=udp%3A%2F%2Fopentor.org%3A2710&tr=udp%3A%2F%2Ftracker.coppersurfer.tk%3A6969%2Fannounce&tr=udp%3A%2F%2Ftracker.opentrackr.org%3A1337%2Fannounce&tr=http%3A%2F%2Ftracker.dler.org%3A6969%2Fannounce&tr=udp%3A%2F%2Ftracker.leechers-paradise.org%3A6969%2Fannounce&tr=udp%3A%2F%2F9.rarbg.me%3A2730%2Fannounce&tr=udp%3A%2F%2F9.rarbg.to%3A2770%2Fannounce&tr=udp%3A%2F%2Ftracker.pirateparty.gr%3A6969%2Fannounce&tr=http%3A%2F%2Fretracker.local%2Fannounce&tr=http%3A%2F%2Fretracker.ip.ncnet.ru%2Fannounce&tr=udp%3A%2F%2Fexodus.desync.com%3A6969%2Fannounce&tr=udp%3A%2F%2Fipv4.tracker.harry.lu%3A80%2Fannounce&tr=udp%3A%2F%2Fopen.stealth.si%3A80%2Fannounce&tr=udp%3A%2F%2Ftracker.opentrackr.org%3A1337%2Fannounce&tr=http%3A%2F%2Ftracker.openbittorrent.com%3A80%2Fannounce&tr=udp%3A%2F%2Fopentracker.i2p.rocks%3A6969%2Fannounce&tr=udp%3A%2F%2Ftracker.internetwarriors.net%3A1337%2Fannounce&tr=udp%3A%2F%2Ftracker.leechers-paradise.org%3A6969%2Fannounce&tr=udp%3A%2F%2Fcoppersurfer.tk%3A6969%2Fannounce&tr=udp%3A%2F%2Ftracker.zer0day.to%3A1337%2Fannounce
A-Train: All Aboard! Tourism – v29723.505,3.6,magnet:?xt=urn:btih:1FB60226D246A875CDFFC26BA8242F518A88A1C0&dn=A-Train%3A+All+Aboard%21+Tourism+%28v29723.505%2C+MULTi6%29+%5BFitGirl+Repack%5D&tr=udp%3A%2F%2F46.148.18.250%3A2710&tr=udp%3A%2F%2Fopentor.org%3A2710&tr=udp%3A%2F%2Ftracker.coppersurfer.tk%3A6969%2Fannounce&tr=udp%3A%2F%2Ftracker.opentrackr.org%3A1337%2Fannounce&tr=http%3A%2F%2Ftracker.dler.org%3A6969%2Fannounce&tr=udp%3A%2F%2Ftracker.leechers-paradise.org%3A6969%2Fannounce&tr=udp%3A%2F%2F9.rarbg.me%3A2730%2Fannounce&tr=udp%3A%2F%2F9.rarbg.to%3A2770%2Fannounce&tr=udp%3A%2F%2Ftracker.pirateparty.gr%3A6969%2Fannounce&tr=http%3A%2F%2Fretracker.local%2Fannounce&tr=http%3A%2F%2Fretracker.ip.ncnet.ru%2Fannounce&tr=udp%3A%2F%2Fexodus.desync.com%3A6969%2Fannounce&tr=udp%3A%2F%2Fipv4.tracker.harry.lu%3A80%2Fannounce&tr=udp%3A%2F%2Fopen.stealth.si%3A80%2Fannounce&tr=udp%3A%2F%2Ftracker.zer0day.to%3A1337%2Fannounce&tr=udp%3A%2F%2Ftracker.leechers-paradise.org%3A6969%2Fannounce&tr=udp%3A%2F%2Fcoppersurfer.tk%3A6969%2Fannounce
Advance Wars 1+2: Re-Boot Camp – v1.0.0 + Switch Emulators,3.6,magnet:?xt=urn:btih:071EC0EAAFA25FAD8EA7523D46CD6A8E4F2DD583&dn=Advance+Wars+1%2B2%3A+Re-Boot+Camp+%28v1.0.0+%2B+Switch+Emulators%2C+MULTi6%29+%5BFitGirl+Repack%2C+Selective+Download+-+from+3.6+GB%5D&tr=udp%3A%2F%2Fopentor.net%3A6969&tr=udp%3A%2F%2Fopentor.org%3A2710&tr=udp%3A%2F%2F9.rarbg.me%3A2730%2Fannounce&tr=udp%3A%2F%2F9.rarbg.me%3A2770%2Fannounce&tr=udp%3A%2F%2F9.rarbg.to%3A2720%2Fannounce&tr=udp%3A%2F%2F9.rarbg.to%3A2730%2Fannounce&tr=udp%3A%2F%2F9.rarbg.to%3A2770%2Fannounce&tr=udp%3A%2F%2Fopentracker.i2p.rocks%3A6969%2Fannounce&tr=udp%3A%2F%2Ftracker.torrent.eu.org%3A451%2Fannounce&tr=https%3A%2F%2Ftracker.tamersunion.org%3A443%2Fannounce&tr=udp%3A%2F%2Fexodus.desync.com%3A6969%2Fannounce&tr=udp%3A%2F%2Ftracker.torrent.eu.org%3A451%2Fannounce&tr=http%3A%2F%2Ftracker.gbitt.info%3A80%2Fannounce&tr=http%3A%2F%2Ftracker.ccp.ovh%3A6969%2Fannounce&tr=udp%3A%2F%2Ftracker.opentrackr.org%3A1337%2Fannounce&tr=http%3A%2F%2Ftracker.openbittorrent.com%3A80%2Fannounce&tr=udp%3A%2F%2Fopentracker.i2p.rocks%3A6969%2Fannounce&tr=udp%3A%2F%2Ftracker.internetwarriors.net%3A1337%2Fannounce&tr=udp%3A%2F%2Ftracker.leechers-paradise.org%3A6969%2Fannounce&tr=udp%3A%2F%2Fcoppersurfer.tk%3A6969%2Fannounce&tr=udp%3A%2F%2Ftracker.zer0day.to%3A1337%2Fannounce
24H Stories: The Rule 7,3.7,magnet:?xt=urn:btih:E5560DAD02CF7A96AF9D5709616AD796221CADBB&dn=24H+Stories%3A+The+Rule+7+%28MULTi6%29+%5BFitGirl+Repack%5D&tr=udp%3A%2F%2Fopentor.net%3A6969&tr=udp%3A%2F%2Fopentracker.i2p.rocks%3A6969%2Fannounce&tr=http%3A%2F%2Ftracker.gbitt.info%3A80%2Fannounce&tr=http%3A%2F%2Ftracker.ccp.ovh%3A6969%2Fannounce&tr=udp%3A%2F%2Ftracker.ccp.ovh%3A6969%2Fannounce&tr=udp%3A%2F%2Ftracker.torrent.eu.org%3A451%2Fannounce&tr=udp%3A%2F%2Ftracker.torrent.eu.org%3A451%2Fannounce&tr=udp%3A%2F%2Ftracker.openbittorrent.com%3A6969%2Fannounce&tr=udp%3A%2F%2Ftracker.openbittorrent.com%3A80%2Fannounce&tr=udp%3A%2F%2Fexodus.desync.com%3A6969%2Fannounce&tr=udp%3A%2F%2Ftracker.theoks.net%3A6969%2Fannounce&tr=https%3A%2F%2Ftracker.tamersunion.org%3A443%2Fannounce&tr=http%3A%2F%2Fopen.acgnxtracker.com%3A80%2Fannounce&tr=http%3A%2F%2Fopen.acgtracker.com%3A1096%2Fannounce&tr=udp%3A%2F%2Ftracker.opentrackr.org%3A1337%2Fannounce&tr=http%3A%2F%2Ftracker.openbittorrent.com%3A80%2Fannounce&tr=udp%3A%2F%2Fopentracker.i2p.rocks%3A6969%2Fannounce&tr=udp%3A%2F%2Ftracker.internetwarriors.net%3A1337%2Fannounce&tr=udp%3A%2F%2Ftracker.leechers-paradise.org%3A6969%2Fannounce&tr=udp%3A%2F%2Fcoppersurfer.tk%3A6969%2Fannounce&tr=udp%3A%2F%2Ftracker.zer0day.to%3A1337%2Fannounce
303 Squadron: Battle of Britain,3.8,magnet:?xt=urn:btih:A68B1757CFA2616E14DA7669604ACCD42DDC4E42
A Hat in Time: Ultimate Edition – Build 10207272 + DLCs + 2 OSTs,3.8,magnet:?xt=urn:btih:5C048E146561F0CDB6669F70C4A465B6ED3ADBD2&dn=A+Hat+in+Time%3A+Ultimate+Edition+%28Build+10207272+%2B+DLCs+%2B+2+OSTs%2C+MULTi12%29+%5BFitGirl+Repack%2C+Selective+Download+-+from+2.7+GB%5D&tr=udp%3A%2F%2Fopentor.net%3A6969&tr=udp%3A%2F%2Fopentor.org%3A2710&tr=udp%3A%2F%2Ftracker.opentrackr.org%3A1337%2Fannounce&tr=http%3A%2F%2Ftracker.dler.org%3A6969%2Fannounce&tr=udp%3A%2F%2Fexodus.desync.com%3A6969%2Fannounce&tr=udp%3A%2F%2Fipv4.tracker.harry.lu%3A80%2Fannounce&tr=udp%3A%2F%2Fopen.stealth.si%3A80%2Fannounce&tr=udp%3A%2F%2Fretracker.lanta-net.ru%3A2710%2Fannounce&tr=udp%3A%2F%2Ftracker.cyberia.is%3A6969%2Fannounce&tr=udp%3A%2F%2Ftracker.moeking.me%3A6969%2Fannounce&tr=udp%3A%2F%2Ftracker.tiny-vps.com%3A6969%2Fannounce&tr=udp%3A%2F%2Ftracker.torrent.eu.org%3A451%2Fannounce&tr=udp%3A%2F%2Ftracker.openbittorrent.com%3A80%2Fannounce&tr=udp%3A%2F%2Fexodus.desync.com%3A6969%2Fannounce&tr=udp%3A%2F%2Ftracker.opentrackr.org%3A1337%2Fannounce&tr=http%3A%2F%2Ftracker.openbittorrent.com%3A80%2Fannounce&tr=udp%3A%2F%2Fopentracker.i2p.rocks%3A6969%2Fannounce&tr=udp%3A%2F%2Ftracker.internetwarriors.net%3A1337%2Fannounce&tr=udp%3A%2F%2Ftracker.leechers-paradise.org%3A6969%2Fannounce&tr=udp%3A%2F%2Fcoppersurfer.tk%3A6969%2Fannounce&tr=udp%3A%2F%2Ftracker.zer0day.to%3A1337%2Fannounce
A Knight’s Quest,3.9,magnet:?xt=urn:btih:0E22D6A58EF623C7A45BB9DD8D53FCF44C49FF9A
Aegis Descent,3.9,magnet:?xt=urn:btih:D32BBCCF9A17DC9B4EFCDE0F395191BADBD7200F&dn=Aegis+Descent+%5BFitGirl+Repack%5D&tr=udp%3A%2F%2Fopentor.org%3A2710&tr=udp%3A%2F%2Ftracker.opentrackr.org%3A1337%2Fannounce&tr=http%3A%2F%2Ftracker.dler.org%3A6969%2Fannounce&tr=udp%3A%2F%2Fexodus.desync.com%3A6969%2Fannounce&tr=udp%3A%2F%2Fipv4.tracker.harry.lu%3A80%2Fannounce&tr=udp%3A%2F%2Fopen.stealth.si%3A80%2Fannounce&tr=udp%3A%2F%2Fretracker.lanta-net.ru%3A2710%2Fannounce&tr=udp%3A%2F%2Ftracker.cyberia.is%3A6969%2Fannounce&tr=udp%3A%2F%2Ftracker.moeking.me%3A6969%2Fannounce&tr=udp%3A%2F%2Ftracker.tiny-vps.com%3A6969%2Fannounce&tr=udp%3A%2F%2Ftracker.torrent.eu.org%3A451%2Fannounce&tr=udp%3A%2F%2Fopentor.net%3A6969&tr=udp%3A%2F%2Ftracker.openbittorrent.com%3A80%2Fannounce&tr=udp%3A%2F%2Fexodus.desync.com%3A6969%2Fannounce&tr=udp%3A%2F%2Ftracker.opentrackr.org%3A1337%2Fannounce&tr=http%3A%2F%2Ftracker.openbittorrent.com%3A80%2Fannounce&tr=udp%3A%2F%2Fopentracker.i2p.rocks%3A6969%2Fannounce&tr=udp%3A%2F%2Ftracker.internetwarriors.net%3A1337%2Fannounce&tr=udp%3A%2F%2Ftracker.leechers-paradise.org%3A6969%2Fannounce&tr=udp%3A%2F%2Fcoppersurfer.tk%3A6969%2Fannounce&tr=udp%3A%2F%2Ftracker.zer0day.to%3A1337%2Fannounce
